{
    "namespace": "NCFGroup\\Protos\\StockServices",
    "comment": "配置列表",
    "author": "shiyan",
    "use": {
        "0": "NCFGroup\\Common\\Extensions\\Base\\Pageable",
        "1": "NCFGroup\\Common\\Extensions\\Base\\AbstractRequestBase"
    },
    "extend": "AbstractRequestBase",
    "properties": {
        "0": {
            "required": true,
            "name": "pageable",
            "type": "\\NCFGroup\\Common\\Extensions\\Base\\Pageable",
            "comment": "分页"
        },
        "1": {
            "required": false,
            "name": "key",
            "type": "string",
            "comment": "配置名称",
            "default": ""
        },
        "2": {
            "required": false,
            "name": "value",
            "type": "string",
            "comment": "配置的值",
            "default": ""
        },
        "3": {
            "required": false,
            "name": "message",
            "type": "string",
            "comment": "配置的描述",
            "default": ""
        }
    }
}