借款标题,投资记录ID,用户ID,还款金额（单位元，保留两位小数）,利息
供应链A007377452,100638412,7356,500.00,18.5
供应链A007377452,101162689,16231,500.00,18.5
供应链A007377452,100642089,17849,500.00,18.5
供应链A007377452,101117242,35045,500.00,18.5
供应链A007377452,101162869,49268,500.00,18.5
供应链A007377452,100639276,151963,500.00,18.5
供应链A007377452,101098846,661921,500.00,18.5
供应链A007377452,101130998,972178,500.00,18.5
供应链A007377452,100637169,990857,500.00,18.5
供应链A007377452,100644135,1422576,500.00,18.5
供应链A007377452,101107630,1426266,500.00,18.5
供应链A007377452,100644616,1454881,500.00,18.5
供应链A007377452,100638419,1952278,500.00,18.5
供应链A007377452,100641787,2314295,500.00,18.5
供应链A007377452,100638576,2425776,500.00,18.5
供应链A007377452,100644042,2427859,500.00,18.5
供应链A007377452,101096817,2581663,500.00,18.5
供应链A007377452,100638449,2862696,500.00,18.5
供应链A007377452,101109325,2940434,500.00,18.5
供应链A007377452,100645626,2991066,500.00,18.5
供应链A007377452,100638868,3121636,500.00,18.5
供应链A007377452,101120578,3223832,500.00,18.5
供应链A007377452,100637037,3504490,500.00,18.5
供应链A007377452,101171510,3608415,500.00,18.5
供应链A007377452,101121074,3669599,500.00,18.5
供应链A007377452,100639084,3729244,500.00,18.5
供应链A007377452,101167329,3850479,500.00,18.5
供应链A007377452,100638454,3942122,500.00,18.5
供应链A007377452,101144900,3971888,500.00,18.5
供应链A007377452,101158934,4281244,500.00,18.5
供应链A007377452,100642154,4348041,500.00,18.5
供应链A007377452,101111206,4432967,500.00,18.5
供应链A007377452,101111211,4433875,500.00,18.5
供应链A007377452,100641649,4566639,500.00,18.5
供应链A007377452,101122414,4700035,500.00,18.5
供应链A007377452,101147329,4720116,500.00,18.5
供应链A007377452,101140361,4909991,500.00,18.5
供应链A007377452,101105694,5051771,500.00,18.5
供应链A007377452,101140703,5412068,500.00,18.5
供应链A007377452,101122995,5801169,500.00,18.5
供应链A007377452,101106060,5816723,500.00,18.5
供应链A007377452,100642027,5844190,500.00,18.5
供应链A007377452,101159735,5910169,500.00,18.5
供应链A007377452,100641752,6138644,500.00,18.5
供应链A007377452,101098962,6154858,500.00,18.5
供应链A007377452,101141460,6360112,500.00,18.5
供应链A007377452,101118805,6387353,500.00,18.5
供应链A007377452,101160106,6567491,100.00,3.7
供应链A007377452,101160107,6567491,100.00,3.7
供应链A007377452,101160108,6567491,100.00,3.7
供应链A007377452,101160109,6567491,100.00,3.7
供应链A007377452,101160110,6567491,100.00,3.7
供应链A007377452,101112893,6627433,500.00,18.5
供应链A007377452,100637061,6949653,500.00,18.5
供应链A007377452,101142179,7055254,500.00,18.5
供应链A007377452,101119728,7056329,500.00,18.5
供应链A007377452,101124256,7115718,500.00,18.5
供应链A007377452,100638905,7486393,500.00,18.5
供应链A007377452,101132859,7876655,500.00,18.5
供应链A007377452,100639561,7994879,500.00,18.5
供应链A007377452,101138757,8073717,500.00,18.5
供应链A007377452,101109742,8538061,500.00,18.5
供应链A007377452,100639475,8755428,500.00,18.5
供应链A007377452,101103567,8761104,500.00,18.5
供应链A007377452,101127594,9480587,500.00,18.5
供应链A007377452,100641858,9540401,500.00,18.5
供应链A007377452,101147389,9840206,500.00,18.5
供应链A007377452,101123568,9854554,500.00,18.5
供应链A007377452,101118548,10407763,500.00,18.5
供应链A007377452,101098344,11257862,500.00,18.5
供应链A007377452,100639190,11347579,500.00,18.5
供应链A007377452,100644747,11415647,500.00,18.5
供应链A007377452,101115340,11673418,500.00,18.5
供应链A007377452,101152569,11737474,500.00,18.5
供应链A007377452,100643905,11758806,500.00,18.5
供应链A007377452,101116323,11810890,500.00,18.5
供应链A007377452,101123483,11937077,500.00,18.5
供应链A007377452,101171343,12010449,500.00,18.5
供应链A007377452,101118319,12015231,500.00,18.5
供应链A007377452,101106614,12040364,500.00,18.5
供应链A007377452,101173610,12063023,500.00,18.5
供应链A007377452,101136237,12077688,500.00,18.5
供应链A007377452,101174839,12091680,500.00,18.5
供应链A007377452,101102759,12102241,500.00,18.5
供应链A007377452,101136995,12103083,500.00,18.5
供应链A007377452,100641959,278541,489.79,18.12
供应链A007377452,101098721,6096515,467.65,17.3
供应链A007377452,101104853,11914583,437.00,16.16
供应链A007377452,101145509,4345788,436.42,16.14
供应链A007377452,101126825,8760007,419.04,15.5
供应链A007377452,101110443,11954531,412.41,15.25
供应链A007377452,100638891,474848,410.71,15.19
供应链A007377452,101136413,6433046,410.37,15.18
供应链A007377452,101164533,11824688,407.00,15.05
供应链A007377452,101151722,11541874,403.19,14.91
供应链A007377452,101100519,161967,400.00,14.8
供应链A007377452,101120591,12101176,400.00,14.8
供应链A007377452,101145716,4569442,397.11,14.69
供应链A007377452,101166259,11000194,388.13,14.36
供应链A007377452,100637886,11814987,386.53,14.3
供应链A007377452,101147230,5768619,385.48,14.26
供应链A007377452,101109930,3366496,384.35,14.22
供应链A007377452,101121154,11481653,175.51,6.49
供应链A007377452,101121155,11481653,200.35,7.41
供应链A007377452,101117683,9928156,375.00,13.87
供应链A007377452,100645964,6377022,373.43,13.81
供应链A007377452,100644527,1493837,358.55,13.26
供应链A007377452,101159887,6205195,348.39,12.89
供应链A007377452,101126391,2011577,340.26,12.58
供应链A007377452,100638770,24655,331.63,12.27
供应链A007377452,101152515,9425321,323.54,11.97
供应链A007377452,101105358,4675355,314.08,11.62
供应链A007377452,101140454,5113185,200.00,7.4
供应链A007377452,101140455,5113185,109.06,4.03
供应链A007377452,101144444,3686075,203.76,7.53
供应链A007377452,101144445,3686075,100.00,3.7
供应链A007377452,101165509,11340867,200.00,7.4
供应链A007377452,101165511,11340867,101.44,3.75
供应链A007377452,101121768,4205754,100.00,3.7
供应链A007377452,101121769,4205754,100.00,3.7
供应链A007377452,101121770,4205754,100.00,3.7
供应链A007377452,101155883,6911533,100.00,3.7
供应链A007377452,101155884,6911533,100.00,3.7
供应链A007377452,101155885,6911533,100.00,3.7
供应链A007377452,101126626,8627343,300.00,11.1
供应链A007377452,100642524,3636496,297.42,11
供应链A007377452,100639910,1474288,286.18,10.58
供应链A007377452,101116609,11847656,285.14,10.55
供应链A007377452,100639746,11212817,282.94,10.46
供应链A007377452,101114339,7447027,275.81,10.2
供应链A007377452,101136023,6036850,275.68,10.2
供应链A007377452,100643511,28115,275.09,10.17
供应链A007377452,100644614,7032960,270.29,10
供应链A007377452,101139844,4386730,269.00,9.95
供应链A007377452,101116207,3699462,267.86,9.91
供应链A007377452,101174588,12074384,264.10,9.77
供应链A007377452,101114713,7737610,263.75,9.75
供应链A007377452,101135108,4550925,262.77,9.72
供应链A007377452,101164433,11845067,260.00,9.62
供应链A007377452,101111557,9845405,253.72,9.38
供应链A007377452,101122002,8566220,248.85,9.2
供应链A007377452,101115835,11741040,246.69,9.12
供应链A007377452,101116506,9179325,246.63,9.12
供应链A007377452,101107502,1402257,246.01,9.1
供应链A007377452,101145121,4056909,244.51,9.04
供应链A007377452,101110806,9533783,242.05,8.95
供应链A007377452,101139988,4454146,241.25,8.92
供应链A007377452,101171528,3563291,232.74,8.61
供应链A007377452,101161558,8223346,122.35,4.52
供应链A007377452,101161559,8223346,108.43,4.01
供应链A007377452,101106901,6650968,228.14,8.44
供应链A007377452,101176410,4524969,227.39,8.41
供应链A007377452,101140564,5195087,226.39,8.37
供应链A007377452,101136925,12101439,116.00,4.29
供应链A007377452,101136926,12101439,109.04,4.03
供应链A007377452,101144707,11545762,216.73,8.01
供应链A007377452,101115815,3359961,215.84,7.98
供应链A007377452,100643739,1935566,211.43,7.82
供应链A007377452,101128793,11933599,208.22,7.7
供应链A007377452,101171469,3657425,207.93,7.69
供应链A007377452,101123599,11962636,207.26,7.66
供应链A007377452,101113250,1397351,207.22,7.66
供应链A007377452,101132035,11661163,207.11,7.66
供应链A007377452,100642296,2350020,204.88,7.58
供应链A007377452,101171625,3321275,102.36,3.78
供应链A007377452,101171627,3321275,102.36,3.78
供应链A007377452,101128042,3349272,204.64,7.57
供应链A007377452,101103591,8763997,200.51,7.41
供应链A007377452,101107870,12080349,200.42,7.41
供应链A007377452,100637248,1275,100.00,3.7
供应链A007377452,100644493,1275,100.00,3.7
供应链A007377452,101162638,9172,200.00,7.4
供应链A007377452,101140581,16385,100.00,3.7
供应链A007377452,101140582,16385,100.00,3.7
供应链A007377452,100637179,344126,100.00,3.7
供应链A007377452,100643441,344126,100.00,3.7
供应链A007377452,101146782,387261,100.00,3.7
供应链A007377452,101146784,387261,100.00,3.7
供应链A007377452,100638206,521395,100.00,3.7
供应链A007377452,100638214,521395,100.00,3.7
供应链A007377452,101173310,992833,100.00,3.7
供应链A007377452,101173312,992833,100.00,3.7
供应链A007377452,101156580,1579772,100.00,3.7
供应链A007377452,101156581,1579772,100.00,3.7
供应链A007377452,100639171,1795170,200.00,7.4
供应链A007377452,100639218,1796400,200.00,7.4
供应链A007377452,100638254,2318753,100.00,3.7
供应链A007377452,100638263,2318753,100.00,3.7
供应链A007377452,100637993,2518206,200.00,7.4
供应链A007377452,101152360,2734753,100.00,3.7
供应链A007377452,101152361,2734753,100.00,3.7
供应链A007377452,101138092,2860873,100.00,3.7
供应链A007377452,101138093,2860873,100.00,3.7
供应链A007377452,101171876,2896290,100.00,3.7
供应链A007377452,101171877,2896290,100.00,3.7
供应链A007377452,101100176,2919508,100.00,3.7
供应链A007377452,101100177,2919508,100.00,3.7
供应链A007377452,100645655,3018058,200.00,7.4
供应链A007377452,101153880,3908556,200.00,7.4
供应链A007377452,101145881,4659993,100.00,3.7
供应链A007377452,101145883,4659993,100.00,3.7
供应链A007377452,101135374,4972911,100.00,3.7
供应链A007377452,101135375,4972911,100.00,3.7
供应链A007377452,101106548,6177711,100.00,3.7
供应链A007377452,101106549,6177711,100.00,3.7
供应链A007377452,101118568,6199725,200.00,7.4
供应链A007377452,101170919,6376279,100.00,3.7
供应链A007377452,101170921,6376279,100.00,3.7
供应链A007377452,101156685,7300550,100.00,3.7
供应链A007377452,101156686,7300550,100.00,3.7
供应链A007377452,101132068,7365216,100.00,3.7
供应链A007377452,101132069,7365216,100.00,3.7
供应链A007377452,101115031,7937859,100.00,3.7
供应链A007377452,101115032,7937859,100.00,3.7
供应链A007377452,101126147,8115812,200.00,7.4
供应链A007377452,100644754,8378170,100.00,3.7
供应链A007377452,100644794,8378170,100.00,3.7
供应链A007377452,101151601,8552522,100.00,3.7
供应链A007377452,101151602,8552522,100.00,3.7
供应链A007377452,100637064,8592494,100.00,3.7
供应链A007377452,100637729,8592494,100.00,3.7
,,9287130,0,0
供应链A007377452,100638603,10702524,200.00,7.4
供应链A007377452,101163570,12008825,100.00,3.7
供应链A007377452,101163571,12008825,100.00,3.7
供应链A007377452,101108043,12085335,100.00,3.7
供应链A007377452,101108044,12085335,100.00,3.7
供应链A007377452,101152919,3156788,199.67,7.38
供应链A007377452,101141764,6816468,197.41,7.3
供应链A007377452,101159870,6177072,196.44,7.26
供应链A007377452,101143122,12052843,196.15,7.25
供应链A007377452,101132812,11761073,193.16,7.14
供应链A007377452,101125330,7808937,192.24,7.11
供应链A007377452,101160563,7068132,191.38,7.08
供应链A007377452,101167490,11716589,190.00,7.03
供应链A007377452,100644464,521097,188.65,6.98
供应链A007377452,101164601,11798292,188.29,6.96
供应链A007377452,101121627,4112566,187.51,6.93
供应链A007377452,101143466,7908463,187.50,6.93
供应链A007377452,101107048,6936659,185.00,6.84
供应链A007377452,101156061,1007109,183.58,6.79
供应链A007377452,101141598,967474,179.19,6.63
供应链A007377452,101126563,2192769,175.56,6.49
供应链A007377452,101168847,4667011,175.50,6.49
供应链A007377452,101100145,1489577,175.48,6.49
供应链A007377452,101166496,11561565,175.08,6.47
供应链A007377452,101143336,12057137,172.53,6.38
供应链A007377452,101114290,11288409,167.41,6.19
供应链A007377452,101108813,11706060,163.97,6.06
供应链A007377452,101173377,14211,160.00,5.92
供应链A007377452,101122328,4612992,158.74,5.87
供应链A007377452,101166554,11586413,158.65,5.87
供应链A007377452,101125899,1437921,155.52,5.75
供应链A007377452,101104968,11926804,154.38,5.71
供应链A007377452,101130547,6286515,153.92,5.69
供应链A007377452,101114626,2571121,152.87,5.65
供应链A007377452,101172310,1909152,152.66,5.64
供应链A007377452,101126529,11436084,150.00,5.55
供应链A007377452,100638982,1708086,149.49,5.53
供应链A007377452,101128930,3991361,147.59,5.46
供应链A007377452,101140699,11834677,143.93,5.32
供应链A007377452,100643318,4610904,143.65,5.31
供应链A007377452,101113654,12096914,141.70,5.24
供应链A007377452,100637398,2893012,141.65,5.24
供应链A007377452,101170184,5949448,134.65,4.98
供应链A007377452,101115783,11736934,133.80,4.95
供应链A007377452,101119629,2146672,131.14,4.85
供应链A007377452,101165245,11191455,127.19,4.7
供应链A007377452,101122399,4685885,126.91,4.69
供应链A007377452,101154472,4425697,126.14,4.66
供应链A007377452,101108040,1723743,124.00,4.58
供应链A007377452,101101330,11050385,123.36,4.56
供应链A007377452,101148784,11978048,121.60,4.49
供应链A007377452,101132084,12101328,121.23,4.48
供应链A007377452,101143730,12072325,121.15,4.48
供应链A007377452,101127292,2740586,117.00,4.32
供应链A007377452,101159044,9466576,115.59,4.27
供应链A007377452,101158755,9206619,115.18,4.26
供应链A007377452,101123995,11989536,115.04,4.25
供应链A007377452,101135212,4678799,113.86,4.21
供应链A007377452,101103604,8764940,112.54,4.16
供应链A007377452,101132385,7516705,111.95,4.14
供应链A007377452,101142234,1443464,110.82,4.1
供应链A007377452,101124070,11991337,110.78,4.09
供应链A007377452,100638345,384294,110.00,4.07
供应链A007377452,101158425,3711882,109.30,4.04
供应链A007377452,101132012,11659224,108.85,4.02
供应链A007377452,101141490,6376243,108.58,4.01
供应链A007377452,101096694,4137499,108.00,3.99
供应链A007377452,100637864,7200800,108.00,3.99
供应链A007377452,101149610,7251316,107.23,3.96
供应链A007377452,101097537,5884852,107.21,3.96
供应链A007377452,100645684,12009378,106.35,3.93
供应链A007377452,101113786,12101705,106.20,3.92
供应链A007377452,101106785,6483941,105.83,3.91
供应链A007377452,101155935,6930496,105.36,3.89
供应链A007377452,101119898,7151972,105.07,3.88
供应链A007377452,101151905,2324582,105.04,3.88
供应链A007377452,100640312,7074328,104.68,3.87
供应链A007377452,100643330,790316,103.16,3.81
供应链A007377452,100642468,1481681,103.15,3.81
供应链A007377452,101144914,11661208,102.87,3.8
供应链A007377452,101115601,11716684,102.55,3.79
供应链A007377452,101166429,3281725,102.39,3.78
供应链A007377452,101101597,7307746,102.36,3.78
供应链A007377452,100638671,7576881,102.36,3.78
供应链A007377452,100638776,8008685,102.36,3.78
供应链A007377452,101158007,8485569,102.36,3.78
供应链A007377452,100637380,9614766,102.36,3.78
供应链A007377452,101107581,11186999,102.36,3.78
供应链A007377452,101150165,12024128,102.36,3.78
供应链A007377452,101164308,12041035,102.36,3.78
供应链A007377452,101101961,12077365,102.36,3.78
供应链A007377452,101157579,7967954,102.35,3.78
供应链A007377452,101167092,11680036,102.20,3.78
供应链A007377452,101143231,7830795,102.12,3.77
供应链A007377452,101104368,11823770,101.88,3.76
供应链A007377452,101175232,5872521,101.77,3.76
供应链A007377452,101124529,42343,101.66,3.76
供应链A007377452,101157986,3173974,100.95,3.73
供应链A007377452,101099300,1034297,100.91,3.73
供应链A007377452,101155151,11089292,100.78,3.72
供应链A007377452,101119954,7194748,100.76,3.72
供应链A007377452,101166717,3514064,100.70,3.72
供应链A007377452,100642796,12030541,100.62,3.72
供应链A007377452,100642101,7587351,100.47,3.71
供应链A007377452,101100221,9009889,100.47,3.71
供应链A007377452,101150760,1310112,100.40,3.71
供应链A007377452,101130244,5992379,100.38,3.71
供应链A007377452,101139331,11660858,100.38,3.71
供应链A007377452,101129089,4081186,100.35,3.71
供应链A007377452,101134832,4252803,100.35,3.71
供应链A007377452,101131345,7044624,100.35,3.71
供应链A007377452,101099529,9066791,100.35,3.71
供应链A007377452,101099273,9349725,100.35,3.71
供应链A007377452,101158766,12016477,100.35,3.71
供应链A007377452,101136888,1414058,100.30,3.71
供应链A007377452,100644183,2233717,100.26,3.7
供应链A007377452,101144637,3788498,100.21,3.7
供应链A007377452,100638739,63811,100.20,3.7
供应链A007377452,101104149,9192389,100.04,3.7
供应链A007377452,101124212,501,100.00,3.7
供应链A007377452,100637020,750,100.00,3.7
供应链A007377452,101111569,759,100.00,3.7
供应链A007377452,101129960,957,100.00,3.7
供应链A007377452,100641539,1155,100.00,3.7
供应链A007377452,100645640,1286,100.00,3.7
供应链A007377452,100644007,1489,100.00,3.7
供应链A007377452,100638896,4429,100.00,3.7
供应链A007377452,100637031,4586,100.00,3.7
供应链A007377452,101171447,5421,100.00,3.7
供应链A007377452,101111656,5560,100.00,3.7
供应链A007377452,101140319,6522,100.00,3.7
供应链A007377452,101149556,6959,100.00,3.7
供应链A007377452,101106131,7480,100.00,3.7
供应链A007377452,100638981,7538,100.00,3.7
供应链A007377452,100637495,7584,100.00,3.7
供应链A007377452,101106223,9546,100.00,3.7
供应链A007377452,100643828,11003,100.00,3.7
供应链A007377452,101130078,11144,100.00,3.7
供应链A007377452,101100396,11157,100.00,3.7
供应链A007377452,100638331,11675,100.00,3.7
供应链A007377452,101130114,17266,100.00,3.7
供应链A007377452,101124379,18404,100.00,3.7
供应链A007377452,100637051,19240,100.00,3.7
供应链A007377452,100644789,20076,100.00,3.7
供应链A007377452,101162757,23152,100.00,3.7
供应链A007377452,100643861,25493,100.00,3.7
供应链A007377452,101111849,26126,100.00,3.7
供应链A007377452,101173330,26505,100.00,3.7
供应链A007377452,101171811,27036,100.00,3.7
供应链A007377452,101124488,28704,100.00,3.7
供应链A007377452,100642348,29856,100.00,3.7
供应链A007377452,101124514,30890,100.00,3.7
供应链A007377452,100637254,30993,100.00,3.7
供应链A007377452,100640253,35325,100.00,3.7
供应链A007377452,101100460,42479,100.00,3.7
供应链A007377452,100637251,46093,100.00,3.7
供应链A007377452,101117377,48443,100.00,3.7
供应链A007377452,101155524,72380,100.00,3.7
供应链A007377452,100644307,74730,100.00,3.7
供应链A007377452,100636992,74848,100.00,3.7
供应链A007377452,101162956,78323,100.00,3.7
供应链A007377452,101124657,79065,100.00,3.7
供应链A007377452,101155552,82557,100.00,3.7
供应链A007377452,100644239,87071,100.00,3.7
供应链A007377452,101173168,91529,100.00,3.7
供应链A007377452,101173156,92679,100.00,3.7
供应链A007377452,100637046,101775,100.00,3.7
供应链A007377452,101149873,116418,100.00,3.7
供应链A007377452,101099556,125410,100.00,3.7
供应链A007377452,101147753,139197,100.00,3.7
供应链A007377452,101112060,145243,100.00,3.7
供应链A007377452,101149057,150173,100.00,3.7
供应链A007377452,101135991,151240,100.00,3.7
供应链A007377452,100642691,158731,100.00,3.7
供应链A007377452,100637848,163686,100.00,3.7
,,182896,0,0
供应链A007377452,101106727,229065,100.00,3.7
供应链A007377452,100637857,239864,100.00,3.7
供应链A007377452,100644536,320348,100.00,3.7
供应链A007377452,100644250,369466,100.00,3.7
供应链A007377452,101106843,397804,100.00,3.7
供应链A007377452,100641983,402607,100.00,3.7
供应链A007377452,100639128,408337,100.00,3.7
供应链A007377452,100638472,413205,100.00,3.7
供应链A007377452,100641311,414282,100.00,3.7
供应链A007377452,100645379,418274,100.00,3.7
供应链A007377452,101112310,422682,100.00,3.7
供应链A007377452,100637934,430398,100.00,3.7
供应链A007377452,101136209,446385,100.00,3.7
供应链A007377452,101136226,510535,100.00,3.7
供应链A007377452,101124896,548790,100.00,3.7
供应链A007377452,101099622,558552,100.00,3.7
供应链A007377452,101150316,599131,100.00,3.7
供应链A007377452,101141270,601761,100.00,3.7
供应链A007377452,101112446,613230,100.00,3.7
供应链A007377452,100645227,641709,100.00,3.7
供应链A007377452,101136282,646656,100.00,3.7
供应链A007377452,101147843,650976,100.00,3.7
供应链A007377452,100638457,657181,100.00,3.7
供应链A007377452,101112542,706158,100.00,3.7
供应链A007377452,101172896,722648,100.00,3.7
供应链A007377452,100640143,756151,100.00,3.7
供应链A007377452,101173097,772280,100.00,3.7
供应链A007377452,100638162,779872,100.00,3.7
供应链A007377452,100638401,788836,100.00,3.7
供应链A007377452,101173116,789750,100.00,3.7
供应链A007377452,100642799,804453,100.00,3.7
供应链A007377452,100641687,808262,100.00,3.7
供应链A007377452,101148542,821205,100.00,3.7
供应链A007377452,101118359,842366,100.00,3.7
供应链A007377452,101118436,884614,100.00,3.7
供应链A007377452,101107127,924439,100.00,3.7
供应链A007377452,101141571,940219,100.00,3.7
供应链A007377452,100637281,962612,100.00,3.7
供应链A007377452,100638609,981419,100.00,3.7
供应链A007377452,101112883,997737,100.00,3.7
供应链A007377452,100637859,1000070,100.00,3.7
供应链A007377452,101101097,1000855,100.00,3.7
供应链A007377452,100638029,1008918,100.00,3.7
供应链A007377452,100638324,1086958,100.00,3.7
供应链A007377452,100638175,1105627,100.00,3.7
供应链A007377452,100643960,1107413,100.00,3.7
供应链A007377452,100637656,1109034,100.00,3.7
供应链A007377452,100641110,1127512,100.00,3.7
供应链A007377452,101099768,1133093,100.00,3.7
供应链A007377452,101125306,1160768,100.00,3.7
供应链A007377452,100643566,1161914,100.00,3.7
供应链A007377452,100637469,1192707,100.00,3.7
供应链A007377452,101136626,1220358,100.00,3.7
供应链A007377452,101131150,1235144,100.00,3.7
供应链A007377452,101118591,1243134,100.00,3.7
供应链A007377452,100642351,1262863,100.00,3.7
供应链A007377452,101141772,1279520,100.00,3.7
供应链A007377452,101098610,1282855,100.00,3.7
供应链A007377452,100637471,1297982,100.00,3.7
供应链A007377452,100637915,1336835,100.00,3.7
供应链A007377452,101107314,1362542,100.00,3.7
供应链A007377452,101101282,1371045,100.00,3.7
供应链A007377452,101098765,1375742,100.00,3.7
供应链A007377452,100639026,1383956,100.00,3.7
供应链A007377452,101118674,1384484,100.00,3.7
供应链A007377452,101156245,1386498,100.00,3.7
供应链A007377452,100644877,1386969,100.00,3.7
供应链A007377452,100641602,1391588,100.00,3.7
供应链A007377452,100637752,1392128,100.00,3.7
供应链A007377452,101141940,1392155,100.00,3.7
供应链A007377452,101173696,1392802,100.00,3.7
供应链A007377452,101163746,1400020,100.00,3.7
供应链A007377452,100642036,1400504,100.00,3.7
供应链A007377452,101142006,1401214,100.00,3.7
供应链A007377452,101118823,1402019,100.00,3.7
供应链A007377452,100643492,1402729,100.00,3.7
供应链A007377452,101142019,1403208,100.00,3.7
供应链A007377452,101118843,1407830,100.00,3.7
供应链A007377452,101151002,1409304,100.00,3.7
供应链A007377452,101113343,1411229,100.00,3.7
供应链A007377452,100639061,1424773,100.00,3.7
供应链A007377452,101099311,1429850,100.00,3.7
供应链A007377452,101172552,1432779,100.00,3.7
供应链A007377452,100638149,1433000,100.00,3.7
供应链A007377452,101113409,1437078,100.00,3.7
供应链A007377452,100637677,1438320,100.00,3.7
供应链A007377452,101142207,1439877,100.00,3.7
供应链A007377452,101118956,1442237,100.00,3.7
供应链A007377452,100638768,1447650,100.00,3.7
供应链A007377452,100639062,1447827,100.00,3.7
供应链A007377452,101156421,1448301,100.00,3.7
供应链A007377452,101101560,1450638,100.00,3.7
供应链A007377452,101107693,1451924,100.00,3.7
供应链A007377452,101173933,1452894,100.00,3.7
供应链A007377452,101101627,1455036,100.00,3.7
供应链A007377452,101137092,1456649,100.00,3.7
供应链A007377452,101151215,1464507,100.00,3.7
供应链A007377452,101125989,1465363,100.00,3.7
供应链A007377452,100637465,1468164,100.00,3.7
供应链A007377452,101126024,1468902,100.00,3.7
供应链A007377452,101131585,1477509,100.00,3.7
供应链A007377452,100644832,1478943,100.00,3.7
供应链A007377452,100638475,1494886,100.00,3.7
供应链A007377452,100641746,1495840,100.00,3.7
供应链A007377452,101151268,1496171,100.00,3.7
供应链A007377452,101119155,1497064,100.00,3.7
供应链A007377452,101172475,1497620,100.00,3.7
供应链A007377452,101142346,1502144,100.00,3.7
供应链A007377452,100637120,1507221,100.00,3.7
供应链A007377452,100637430,1515710,100.00,3.7
供应链A007377452,100638110,1519662,100.00,3.7
供应链A007377452,100637121,1528203,100.00,3.7
供应链A007377452,100638649,1532517,100.00,3.7
供应链A007377452,101151389,1541162,100.00,3.7
供应链A007377452,101142435,1555311,100.00,3.7
供应链A007377452,101142466,1613314,100.00,3.7
供应链A007377452,101101793,1639880,100.00,3.7
供应链A007377452,100645239,1640292,100.00,3.7
供应链A007377452,101172367,1656199,100.00,3.7
供应链A007377452,101151432,1692896,100.00,3.7
供应链A007377452,100637563,1693347,100.00,3.7
供应链A007377452,100644175,1707839,100.00,3.7
供应链A007377452,101097883,1716936,100.00,3.7
供应链A007377452,101131806,1718487,100.00,3.7
供应链A007377452,100644018,1736744,100.00,3.7
供应链A007377452,101126205,1743157,100.00,3.7
供应链A007377452,100638378,1807819,100.00,3.7
供应链A007377452,101172329,1811108,100.00,3.7
供应链A007377452,101119410,1822973,100.00,3.7
供应链A007377452,101101871,1830744,100.00,3.7
供应链A007377452,101131892,1839686,100.00,3.7
供应链A007377452,101131922,1853669,100.00,3.7
供应链A007377452,101164325,1887645,100.00,3.7
供应链A007377452,101108221,1923111,100.00,3.7
供应链A007377452,101131999,1928932,100.00,3.7
供应链A007377452,101102000,1953315,100.00,3.7
供应链A007377452,101098484,2009668,100.00,3.7
供应链A007377452,101119507,2009882,100.00,3.7
供应链A007377452,101114085,2016056,100.00,3.7
供应链A007377452,101119530,2032947,100.00,3.7
供应链A007377452,101174378,2066458,100.00,3.7
供应链A007377452,100643176,2085479,100.00,3.7
供应链A007377452,101164520,2096688,100.00,3.7
供应链A007377452,101174438,2108000,100.00,3.7
供应链A007377452,101132097,2119471,100.00,3.7
供应链A007377452,101119607,2128898,100.00,3.7
供应链A007377452,101164560,2143576,100.00,3.7
供应链A007377452,101142772,2144698,100.00,3.7
供应链A007377452,101174537,2160637,100.00,3.7
供应链A007377452,101172209,2188198,100.00,3.7
供应链A007377452,101132152,2191547,100.00,3.7
供应链A007377452,100637323,2194309,100.00,3.7
供应链A007377452,100644248,2199877,100.00,3.7
供应链A007377452,101157003,2203030,100.00,3.7
供应链A007377452,101157021,2204291,100.00,3.7
供应链A007377452,101137561,2217862,100.00,3.7
供应链A007377452,101164701,2247385,100.00,3.7
供应链A007377452,101137581,2249359,100.00,3.7
供应链A007377452,101132196,2272150,100.00,3.7
供应链A007377452,101119704,2272806,100.00,3.7
供应链A007377452,100637167,2282388,100.00,3.7
供应链A007377452,101108495,2283251,100.00,3.7
供应链A007377452,101164791,2287476,100.00,3.7
供应链A007377452,101102375,2291050,100.00,3.7
供应链A007377452,101114269,2305642,100.00,3.7
供应链A007377452,101172171,2323787,100.00,3.7
供应链A007377452,101108522,2325103,100.00,3.7
供应链A007377452,101174744,2338309,100.00,3.7
供应链A007377452,101164853,2341942,100.00,3.7
供应链A007377452,100642333,2344439,100.00,3.7
供应链A007377452,100643433,2346916,100.00,3.7
供应链A007377452,101126748,2351221,100.00,3.7
供应链A007377452,100640871,2355975,100.00,3.7
供应链A007377452,101102468,2356739,100.00,3.7
供应链A007377452,101142897,2377012,100.00,3.7
供应链A007377452,101132289,2381095,100.00,3.7
供应链A007377452,101119740,2388537,100.00,3.7
供应链A007377452,101102550,2403436,100.00,3.7
供应链A007377452,101164951,2403486,100.00,3.7
供应链A007377452,100644612,2406123,100.00,3.7
供应链A007377452,100638377,2418365,100.00,3.7
供应链A007377452,101126792,2428079,100.00,3.7
供应链A007377452,100645347,2430508,100.00,3.7
供应链A007377452,100638626,2435001,100.00,3.7
供应链A007377452,100637961,2464400,100.00,3.7
供应链A007377452,101119812,2466378,100.00,3.7
供应链A007377452,101114451,2475807,100.00,3.7
供应链A007377452,100644247,2478058,100.00,3.7
供应链A007377452,101152015,2478535,100.00,3.7
供应链A007377452,101137712,2480714,100.00,3.7
供应链A007377452,101137760,2505037,100.00,3.7
供应链A007377452,101126868,2507339,100.00,3.7
供应链A007377452,101165204,2517762,100.00,3.7
供应链A007377452,101165213,2519507,100.00,3.7
供应链A007377452,101102747,2524748,100.00,3.7
供应链A007377452,101108730,2528129,100.00,3.7
供应链A007377452,101174962,2547045,100.00,3.7
供应链A007377452,100638589,2552725,100.00,3.7
供应链A007377452,101172002,2571316,100.00,3.7
供应链A007377452,101165361,2578936,100.00,3.7
供应链A007377452,101143103,2594580,100.00,3.7
供应链A007377452,101102903,2606088,100.00,3.7
供应链A007377452,101119912,2611614,100.00,3.7
供应链A007377452,100645901,2613296,100.00,3.7
供应链A007377452,100638312,2615163,100.00,3.7
供应链A007377452,101132515,2619982,100.00,3.7
供应链A007377452,101108835,2620518,100.00,3.7
供应链A007377452,100638682,2628408,100.00,3.7
供应链A007377452,101145887,2635580,100.00,3.7
供应链A007377452,101127086,2639597,100.00,3.7
供应链A007377452,101143145,2642802,100.00,3.7
供应链A007377452,101157333,2645091,100.00,3.7
供应链A007377452,101127116,2647675,100.00,3.7
供应链A007377452,101143209,2649286,100.00,3.7
供应链A007377452,101114771,2658496,100.00,3.7
供应链A007377452,101103079,2668451,100.00,3.7
供应链A007377452,101103088,2671909,100.00,3.7
供应链A007377452,100639006,2676415,100.00,3.7
供应链A007377452,101114816,2676694,100.00,3.7
供应链A007377452,101146434,2676791,100.00,3.7
供应链A007377452,101098653,2678323,100.00,3.7
供应链A007377452,101132602,2678386,100.00,3.7
供应链A007377452,100638356,2678602,100.00,3.7
供应链A007377452,101157380,2684182,100.00,3.7
供应链A007377452,101143265,2693655,100.00,3.7
供应链A007377452,101109060,2732584,100.00,3.7
供应链A007377452,101146979,2739375,100.00,3.7
供应链A007377452,101099611,2741371,100.00,3.7
供应链A007377452,101171938,2768139,100.00,3.7
供应链A007377452,101097166,2768813,100.00,3.7
供应链A007377452,101103261,2773987,100.00,3.7
供应链A007377452,101138032,2781981,100.00,3.7
供应链A007377452,101127312,2792126,100.00,3.7
供应链A007377452,100637217,2849580,100.00,3.7
供应链A007377452,100642451,2862279,100.00,3.7
供应链A007377452,101165814,2865274,100.00,3.7
供应链A007377452,101115184,2876102,100.00,3.7
供应链A007377452,101148122,2876807,100.00,3.7
供应链A007377452,101127370,2881447,100.00,3.7
供应链A007377452,101109271,2897051,100.00,3.7
供应链A007377452,101127495,2908587,100.00,3.7
供应链A007377452,100638215,2909993,100.00,3.7
供应链A007377452,101115234,2914322,100.00,3.7
供应链A007377452,101103388,2918172,100.00,3.7
供应链A007377452,101175539,2919108,100.00,3.7
供应链A007377452,100642943,2927953,100.00,3.7
供应链A007377452,101132855,2928692,100.00,3.7
供应链A007377452,101115260,2928873,100.00,3.7
供应链A007377452,101157648,2932969,100.00,3.7
供应链A007377452,100643709,2938238,100.00,3.7
供应链A007377452,101143615,2942786,100.00,3.7
供应链A007377452,101120291,2955373,100.00,3.7
供应链A007377452,101157709,2958367,100.00,3.7
供应链A007377452,100638207,2985777,100.00,3.7
供应链A007377452,100638120,2997347,100.00,3.7
供应链A007377452,100644346,3008547,100.00,3.7
供应链A007377452,100641704,3008941,100.00,3.7
供应链A007377452,101175818,3014901,100.00,3.7
供应链A007377452,101148708,3021077,100.00,3.7
供应链A007377452,101127616,3037652,100.00,3.7
供应链A007377452,101120406,3037846,100.00,3.7
供应链A007377452,100638704,3039774,100.00,3.7
供应链A007377452,101138340,3047974,100.00,3.7
供应链A007377452,101115462,3049706,100.00,3.7
供应链A007377452,101175940,3068032,100.00,3.7
供应链A007377452,101175990,3075545,100.00,3.7
供应链A007377452,101138388,3090839,100.00,3.7
供应链A007377452,101115514,3105075,100.00,3.7
供应链A007377452,101171785,3105971,100.00,3.7
供应链A007377452,101127741,3106541,100.00,3.7
供应链A007377452,101143785,3118590,100.00,3.7
供应链A007377452,100642316,3127603,100.00,3.7
供应链A007377452,100639861,3159466,100.00,3.7
供应链A007377452,101127824,3160583,100.00,3.7
供应链A007377452,101115566,3173771,100.00,3.7
供应链A007377452,100638055,3174654,100.00,3.7
供应链A007377452,101152938,3176922,100.00,3.7
供应链A007377452,101171751,3177654,100.00,3.7
供应链A007377452,101133208,3181989,100.00,3.7
供应链A007377452,101138467,3192574,100.00,3.7
供应链A007377452,101115593,3192983,100.00,3.7
供应链A007377452,101115607,3196419,100.00,3.7
供应链A007377452,101171708,3203477,100.00,3.7
供应链A007377452,101152983,3203488,100.00,3.7
供应链A007377452,101109696,3206301,100.00,3.7
供应链A007377452,100638200,3206407,100.00,3.7
供应链A007377452,101133248,3221443,100.00,3.7
供应链A007377452,100638217,3231357,100.00,3.7
供应链A007377452,101115670,3243313,100.00,3.7
供应链A007377452,101166358,3245309,100.00,3.7
供应链A007377452,101115712,3270910,100.00,3.7
供应链A007377452,100637840,3281984,100.00,3.7
供应链A007377452,100638328,3300581,100.00,3.7
供应链A007377452,100638815,3310697,100.00,3.7
供应链A007377452,100637683,3345147,100.00,3.7
供应链A007377452,101153140,3379935,100.00,3.7
供应链A007377452,100637632,3386876,100.00,3.7
供应链A007377452,101099119,3394691,100.00,3.7
供应链A007377452,101158152,3411162,100.00,3.7
供应链A007377452,101153175,3418655,100.00,3.7
供应链A007377452,101120784,3449275,100.00,3.7
供应链A007377452,101153225,3461344,100.00,3.7
供应链A007377452,100644688,3463644,100.00,3.7
供应链A007377452,101104058,3481383,100.00,3.7
供应链A007377452,101128254,3499080,100.00,3.7
供应链A007377452,101166701,3504488,100.00,3.7
供应链A007377452,101133484,3514451,100.00,3.7
供应链A007377452,101176632,3516488,100.00,3.7
供应链A007377452,101110091,3525102,100.00,3.7
供应链A007377452,101120883,3531892,100.00,3.7
供应链A007377452,101144180,3541136,100.00,3.7
供应链A007377452,101128288,3541602,100.00,3.7
供应链A007377452,101158261,3560797,100.00,3.7
供应链A007377452,101138709,3564241,100.00,3.7
供应链A007377452,100638691,3584033,100.00,3.7
供应链A007377452,101120947,3589677,100.00,3.7
供应链A007377452,101158276,3590653,100.00,3.7
供应链A007377452,101144262,3594472,100.00,3.7
供应链A007377452,101116027,3596630,100.00,3.7
供应链A007377452,101148233,3596643,100.00,3.7
供应链A007377452,101166950,3597529,100.00,3.7
供应链A007377452,101158298,3608679,100.00,3.7
供应链A007377452,101147072,3610467,100.00,3.7
供应链A007377452,101116061,3611288,100.00,3.7
供应链A007377452,101176748,3614101,100.00,3.7
供应链A007377452,101097452,3615795,100.00,3.7
供应链A007377452,101171492,3624301,100.00,3.7
供应链A007377452,101148751,3628483,100.00,3.7
供应链A007377452,101133746,3634957,100.00,3.7
供应链A007377452,101133767,3637994,100.00,3.7
供应链A007377452,101128416,3639663,100.00,3.7
供应链A007377452,101133809,3642413,100.00,3.7
供应链A007377452,101176784,3647030,100.00,3.7
供应链A007377452,101128462,3653778,100.00,3.7
供应链A007377452,101128472,3658302,100.00,3.7
供应链A007377452,100642265,3661268,100.00,3.7
供应链A007377452,101171467,3663039,100.00,3.7
供应链A007377452,101147094,3681463,100.00,3.7
供应链A007377452,101121114,3682147,100.00,3.7
供应链A007377452,101116182,3685306,100.00,3.7
供应链A007377452,101096730,3689806,100.00,3.7
供应链A007377452,100638099,3691057,100.00,3.7
供应链A007377452,100642707,3691887,100.00,3.7
供应链A007377452,100638230,3707138,100.00,3.7
供应链A007377452,101144497,3709498,100.00,3.7
供应链A007377452,101167145,3709644,100.00,3.7
供应链A007377452,101176985,3709939,100.00,3.7
供应链A007377452,101147119,3713461,100.00,3.7
供应链A007377452,101133920,3719579,100.00,3.7
供应链A007377452,100638845,3726260,100.00,3.7
供应链A007377452,100644218,3728139,100.00,3.7
供应链A007377452,101121201,3734090,100.00,3.7
供应链A007377452,101134021,3750137,100.00,3.7
供应链A007377452,101104474,3752937,100.00,3.7
供应链A007377452,101121225,3767340,100.00,3.7
供应链A007377452,100637421,3772200,100.00,3.7
供应链A007377452,101167242,3778920,100.00,3.7
供应链A007377452,101104559,3783111,100.00,3.7
供应链A007377452,101153724,3784368,100.00,3.7
供应链A007377452,101128711,3823710,100.00,3.7
供应链A007377452,101139174,3829203,100.00,3.7
供应链A007377452,100641576,3840382,100.00,3.7
供应链A007377452,101171289,3847824,100.00,3.7
供应链A007377452,101167335,3850759,100.00,3.7
供应链A007377452,101177227,3863244,100.00,3.7
供应链A007377452,101121309,3871166,100.00,3.7
供应链A007377452,101121318,3872420,100.00,3.7
供应链A007377452,101110661,3877631,100.00,3.7
供应链A007377452,100642788,3878872,100.00,3.7
供应链A007377452,101144753,3883275,100.00,3.7
供应链A007377452,101116540,3887293,100.00,3.7
供应链A007377452,101134316,3891431,100.00,3.7
供应链A007377452,101144790,3898985,100.00,3.7
供应链A007377452,101128818,3909130,100.00,3.7
供应链A007377452,101146564,3913717,100.00,3.7
供应链A007377452,101144844,3921314,100.00,3.7
供应链A007377452,101153948,3936764,100.00,3.7
供应链A007377452,101139269,3943484,100.00,3.7
供应链A007377452,101116669,3945318,100.00,3.7
供应链A007377452,101104750,3951252,100.00,3.7
供应链A007377452,100642121,3962088,100.00,3.7
供应链A007377452,101177120,3970392,100.00,3.7
供应链A007377452,100638712,3972365,100.00,3.7
供应链A007377452,100637256,3974204,100.00,3.7
供应链A007377452,101139365,3976944,100.00,3.7
供应链A007377452,101116724,3982200,100.00,3.7
供应链A007377452,101121423,3985518,100.00,3.7
供应链A007377452,101099462,3987097,100.00,3.7
供应链A007377452,101171217,3989997,100.00,3.7
供应链A007377452,101177068,3990348,100.00,3.7
供应链A007377452,100640673,4001025,100.00,3.7
供应链A007377452,101176988,4013582,100.00,3.7
供应链A007377452,101121469,4028689,100.00,3.7
供应链A007377452,101171155,4056924,100.00,3.7
供应链A007377452,101154096,4058398,100.00,3.7
供应链A007377452,100638598,4067567,100.00,3.7
供应链A007377452,101139475,4087145,100.00,3.7
供应链A007377452,101167827,4087348,100.00,3.7
供应链A007377452,101158801,4091250,100.00,3.7
供应链A007377452,101110932,4127685,100.00,3.7
供应链A007377452,101145257,4139504,100.00,3.7
供应链A007377452,101171113,4143978,100.00,3.7
供应链A007377452,101176849,4159214,100.00,3.7
供应链A007377452,101110997,4170423,100.00,3.7
供应链A007377452,101158884,4172611,100.00,3.7
供应链A007377452,101171075,4176721,100.00,3.7
供应链A007377452,101146577,4177366,100.00,3.7
供应链A007377452,101176795,4183773,100.00,3.7
供应链A007377452,101121734,4184532,100.00,3.7
供应链A007377452,100645333,4194523,100.00,3.7
供应链A007377452,101168067,4208139,100.00,3.7
供应链A007377452,101168084,4210892,100.00,3.7
供应链A007377452,101154285,4211946,100.00,3.7
供应链A007377452,100637334,4219215,100.00,3.7
供应链A007377452,100642364,4247820,100.00,3.7
供应链A007377452,101117021,4253361,100.00,3.7
供应链A007377452,101170995,4265340,100.00,3.7
供应链A007377452,101117052,4269103,100.00,3.7
供应链A007377452,101139663,4277974,100.00,3.7
供应链A007377452,101176700,4287045,100.00,3.7
供应链A007377452,101139697,4289915,100.00,3.7
供应链A007377452,101111098,4290321,100.00,3.7
供应链A007377452,101129256,4294848,100.00,3.7
供应链A007377452,100637811,4297301,100.00,3.7
供应链A007377452,100637634,4364696,100.00,3.7
供应链A007377452,101139882,4397938,100.00,3.7
供应链A007377452,100642454,4397960,100.00,3.7
供应链A007377452,101170863,4404340,100.00,3.7
供应链A007377452,101176500,4411420,100.00,3.7
供应链A007377452,101168546,4417698,100.00,3.7
供应链A007377452,101129380,4422688,100.00,3.7
供应链A007377452,101117228,4424539,100.00,3.7
供应链A007377452,101154464,4425407,100.00,3.7
供应链A007377452,101168583,4434920,100.00,3.7
供应链A007377452,101105209,4459437,100.00,3.7
供应链A007377452,101111228,4461407,100.00,3.7
供应链A007377452,101105232,4476361,100.00,3.7
供应链A007377452,101129440,4482276,100.00,3.7
供应链A007377452,101122179,4483608,100.00,3.7
供应链A007377452,101159146,4493682,100.00,3.7
供应链A007377452,101168656,4525361,100.00,3.7
供应链A007377452,101111280,4529231,100.00,3.7
供应链A007377452,101154527,4534085,100.00,3.7
供应链A007377452,100638629,4538316,100.00,3.7
供应链A007377452,100641150,4578231,100.00,3.7
供应链A007377452,101170742,4588815,100.00,3.7
供应链A007377452,101135144,4593138,100.00,3.7
供应链A007377452,101140074,4595712,100.00,3.7
供应链A007377452,100638865,4598849,100.00,3.7
供应链A007377452,101159217,4606889,100.00,3.7
供应链A007377452,100644683,4609932,100.00,3.7
供应链A007377452,101159241,4612292,100.00,3.7
供应链A007377452,100637143,4623711,100.00,3.7
供应链A007377452,101122346,4625216,100.00,3.7
供应链A007377452,101145798,4625367,100.00,3.7
供应链A007377452,101154612,4629007,100.00,3.7
供应链A007377452,100639139,4645404,100.00,3.7
供应链A007377452,101148890,4667430,100.00,3.7
供应链A007377452,101176198,4683400,100.00,3.7
供应链A007377452,101168893,4683699,100.00,3.7
供应链A007377452,101140231,4717314,100.00,3.7
供应链A007377452,101105424,4718484,100.00,3.7
供应链A007377452,101146050,4721414,100.00,3.7
供应链A007377452,101146088,4722829,100.00,3.7
供应链A007377452,101097099,4734851,100.00,3.7
供应链A007377452,101168981,4752673,100.00,3.7
供应链A007377452,101122471,4762755,100.00,3.7
供应链A007377452,101159324,4770639,100.00,3.7
供应链A007377452,101105481,4780978,100.00,3.7
供应链A007377452,101122552,4793932,100.00,3.7
供应链A007377452,101170596,4796367,100.00,3.7
供应链A007377452,101146224,4808002,100.00,3.7
供应链A007377452,101146287,4808440,100.00,3.7
供应链A007377452,101105569,4845327,100.00,3.7
供应链A007377452,100637129,4851333,100.00,3.7
供应链A007377452,101148921,4853037,100.00,3.7
供应链A007377452,100637542,4868641,100.00,3.7
供应链A007377452,101154808,4902644,100.00,3.7
供应链A007377452,101148937,4909918,100.00,3.7
供应链A007377452,100637295,4911325,100.00,3.7
供应链A007377452,100638514,4920932,100.00,3.7
供应链A007377452,101105623,4929138,100.00,3.7
供应链A007377452,101129755,4950196,100.00,3.7
供应链A007377452,101175935,4959858,100.00,3.7
供应链A007377452,101099600,4982585,100.00,3.7
供应链A007377452,101122642,4984156,100.00,3.7
供应链A007377452,101122654,5049612,100.00,3.7
供应链A007377452,101122683,5062534,100.00,3.7
供应链A007377452,101117842,5062642,100.00,3.7
供应链A007377452,101129799,5069479,100.00,3.7
供应链A007377452,101146468,5081570,100.00,3.7
供应链A007377452,100638335,5083652,100.00,3.7
供应链A007377452,101175793,5089145,100.00,3.7
供应链A007377452,101129804,5096303,100.00,3.7
供应链A007377452,100642999,5106103,100.00,3.7
供应链A007377452,101105755,5110320,100.00,3.7
供应链A007377452,101117883,5114336,100.00,3.7
供应链A007377452,100637965,5118863,100.00,3.7
供应链A007377452,101122712,5130841,100.00,3.7
供应链A007377452,101146530,5139431,100.00,3.7
供应链A007377452,101140494,5141734,100.00,3.7
供应链A007377452,101135422,5149176,100.00,3.7
供应链A007377452,100637786,5164227,100.00,3.7
供应链A007377452,101097171,5185730,100.00,3.7
供应链A007377452,101135466,5189167,100.00,3.7
供应链A007377452,101170441,5202204,100.00,3.7
供应链A007377452,101154889,5206058,100.00,3.7
供应链A007377452,101159485,5211790,100.00,3.7
供应链A007377452,101175662,5240388,100.00,3.7
供应链A007377452,101146758,5267825,100.00,3.7
供应链A007377452,101118006,5268894,100.00,3.7
供应链A007377452,101175622,5293047,100.00,3.7
供应链A007377452,101146851,5324120,100.00,3.7
供应链A007377452,101154937,5354886,100.00,3.7
供应链A007377452,101146896,5363481,100.00,3.7
供应链A007377452,101118064,5370814,100.00,3.7
供应链A007377452,101154955,5388218,100.00,3.7
供应链A007377452,101169668,5403759,100.00,3.7
供应链A007377452,101122901,5513750,100.00,3.7
供应链A007377452,101148380,5516987,100.00,3.7
供应链A007377452,101111957,5518360,100.00,3.7
供应链A007377452,101135707,5522471,100.00,3.7
供应链A007377452,101129987,5529222,100.00,3.7
供应链A007377452,101155014,5530953,100.00,3.7
供应链A007377452,100639220,5558438,100.00,3.7
供应链A007377452,101170325,5567817,100.00,3.7
供应链A007377452,100637741,5599209,100.00,3.7
供应链A007377452,101096553,5660624,100.00,3.7
供应链A007377452,100638393,5700511,100.00,3.7
供应链A007377452,101155055,5703954,100.00,3.7
供应链A007377452,101169871,5717560,100.00,3.7
供应链A007377452,101098589,5739658,100.00,3.7
供应链A007377452,100638890,5790685,100.00,3.7
供应链A007377452,101140866,5795564,100.00,3.7
供应链A007377452,101147322,5796979,100.00,3.7
供应链A007377452,101175381,5798107,100.00,3.7
供应链A007377452,101175343,5806312,100.00,3.7
供应链A007377452,101100168,5840430,100.00,3.7
供应链A007377452,101159719,5879222,100.00,3.7
供应链A007377452,101112204,5914333,100.00,3.7
供应链A007377452,101135875,5922063,100.00,3.7
供应链A007377452,101135940,5968641,100.00,3.7
供应链A007377452,100642787,5971886,100.00,3.7
供应链A007377452,101170277,5990691,100.00,3.7
供应链A007377452,101136007,5990816,100.00,3.7
供应链A007377452,101147521,6000356,100.00,3.7
供应链A007377452,101118391,6011240,100.00,3.7
供应链A007377452,101141090,6013190,100.00,3.7
供应链A007377452,101155180,6014872,100.00,3.7
供应链A007377452,101170308,6018994,100.00,3.7
供应链A007377452,101149872,6021206,100.00,3.7
供应链A007377452,101106350,6065941,100.00,3.7
供应链A007377452,101155248,6081509,100.00,3.7
供应链A007377452,101146106,6087762,100.00,3.7
供应链A007377452,101155269,6089662,100.00,3.7
供应链A007377452,101147667,6095941,100.00,3.7
供应链A007377452,101170400,6096973,100.00,3.7
供应链A007377452,101106453,6140509,100.00,3.7
供应链A007377452,100638641,6145850,100.00,3.7
供应链A007377452,101106497,6162661,100.00,3.7
供应链A007377452,101136138,6183350,100.00,3.7
供应链A007377452,101112535,6191274,100.00,3.7
供应链A007377452,100638506,6198108,100.00,3.7
供应链A007377452,101112582,6205409,100.00,3.7
供应链A007377452,101099932,6225409,100.00,3.7
供应链A007377452,101123288,6231288,100.00,3.7
供应链A007377452,100637842,6243014,100.00,3.7
供应链A007377452,101123333,6250441,100.00,3.7
供应链A007377452,100638332,6256448,100.00,3.7
供应链A007377452,101170011,6260834,100.00,3.7
供应链A007377452,100638100,6265217,100.00,3.7
供应链A007377452,101112683,6268265,100.00,3.7
供应链A007377452,101100591,6285912,100.00,3.7
供应链A007377452,101155457,6289695,100.00,3.7
供应链A007377452,101148223,6325995,100.00,3.7
供应链A007377452,101106751,6341660,100.00,3.7
供应链A007377452,101118751,6346386,100.00,3.7
供应链A007377452,100642330,6351548,100.00,3.7
供应链A007377452,101118766,6357042,100.00,3.7
供应链A007377452,101118777,6363802,100.00,3.7
供应链A007377452,101170936,6380180,100.00,3.7
供应链A007377452,101106768,6381684,100.00,3.7
供应链A007377452,101130680,6429491,100.00,3.7
供应链A007377452,101155602,6439533,100.00,3.7
供应链A007377452,101160058,6505084,100.00,3.7
供应链A007377452,101136519,6528896,100.00,3.7
供应链A007377452,101160098,6553212,100.00,3.7
供应链A007377452,101106824,6558614,100.00,3.7
供应链A007377452,100638555,6569279,100.00,3.7
供应链A007377452,101100736,6614969,100.00,3.7
供应链A007377452,101130814,6647923,100.00,3.7
供应链A007377452,101112917,6653893,100.00,3.7
供应链A007377452,100638086,6665722,100.00,3.7
供应链A007377452,101169816,6696026,100.00,3.7
供应链A007377452,101141648,6701490,100.00,3.7
供应链A007377452,101123603,6771480,100.00,3.7
供应链A007377452,101155753,6816412,100.00,3.7
供应链A007377452,101119203,6824002,100.00,3.7
供应链A007377452,101131009,6889563,100.00,3.7
供应链A007377452,101123709,6893444,100.00,3.7
供应链A007377452,101169745,6899796,100.00,3.7
供应链A007377452,101100936,6918304,100.00,3.7
供应链A007377452,101119348,6938578,100.00,3.7
供应链A007377452,101101000,6956223,100.00,3.7
供应链A007377452,101160300,6958466,100.00,3.7
供应链A007377452,101101066,6975466,100.00,3.7
供应链A007377452,101156033,6976361,100.00,3.7
,,6984501,0,0
供应链A007377452,101171651,7018521,100.00,3.7
供应链A007377452,101156123,7030962,100.00,3.7
供应链A007377452,101149323,7048496,100.00,3.7
供应链A007377452,101113420,7057889,100.00,3.7
供应链A007377452,101169560,7079158,100.00,3.7
供应链A007377452,101160591,7082003,100.00,3.7
供应链A007377452,101169556,7087754,100.00,3.7
供应链A007377452,101107427,7095145,100.00,3.7
供应链A007377452,101156251,7095625,100.00,3.7
供应链A007377452,101119792,7110769,100.00,3.7
供应链A007377452,101113528,7117561,100.00,3.7
供应链A007377452,101169502,7120110,100.00,3.7
供应链A007377452,101142340,7129169,100.00,3.7
供应链A007377452,101156370,7132891,100.00,3.7
供应链A007377452,101124302,7147800,100.00,3.7
供应链A007377452,101149459,7149067,100.00,3.7
供应链A007377452,101147510,7164324,100.00,3.7
供应链A007377452,101142485,7199041,100.00,3.7
供应链A007377452,101124399,7207531,100.00,3.7
供应链A007377452,101148503,7226365,100.00,3.7
供应链A007377452,101100018,7229820,100.00,3.7
供应链A007377452,101131668,7230984,100.00,3.7
供应链A007377452,101137346,7231766,100.00,3.7
供应链A007377452,101172302,7266278,100.00,3.7
供应链A007377452,101107795,7267149,100.00,3.7
供应链A007377452,101149690,7269586,100.00,3.7
供应链A007377452,101169294,7272482,100.00,3.7
供应链A007377452,101099922,7274951,100.00,3.7
供应链A007377452,101146206,7278386,100.00,3.7
供应链A007377452,100637827,7281432,100.00,3.7
供应链A007377452,100637663,7289482,100.00,3.7
供应链A007377452,101142666,7293374,100.00,3.7
供应链A007377452,101172467,7308175,100.00,3.7
供应链A007377452,101124642,7312238,100.00,3.7
供应链A007377452,100637458,7315591,100.00,3.7
供应链A007377452,100638786,7315862,100.00,3.7
供应链A007377452,100637881,7318814,100.00,3.7
供应链A007377452,101147532,7322076,100.00,3.7
供应链A007377452,101156751,7324094,100.00,3.7
供应链A007377452,101113995,7327591,100.00,3.7
供应链A007377452,101142738,7329195,100.00,3.7
供应链A007377452,101172673,7332759,100.00,3.7
供应链A007377452,101107993,7335874,100.00,3.7
供应链A007377452,101101712,7338725,100.00,3.7
供应链A007377452,101114077,7343194,100.00,3.7
供应链A007377452,101120297,7353081,100.00,3.7
供应链A007377452,101137648,7359723,100.00,3.7
供应链A007377452,100644571,7372046,100.00,3.7
供应链A007377452,101137679,7372113,100.00,3.7
供应链A007377452,101172794,7372262,100.00,3.7
供应链A007377452,101142809,7373040,100.00,3.7
供应链A007377452,101101836,7381935,100.00,3.7
供应链A007377452,100638565,7382331,100.00,3.7
供应链A007377452,101120397,7393154,100.00,3.7
供应链A007377452,100644741,7411957,100.00,3.7
供应链A007377452,101142846,7414038,100.00,3.7
供应链A007377452,101142868,7435666,100.00,3.7
供应链A007377452,101160884,7437716,100.00,3.7
供应链A007377452,101114330,7438654,100.00,3.7
供应链A007377452,101173030,7444345,100.00,3.7
供应链A007377452,101137824,7446556,100.00,3.7
供应链A007377452,101137861,7457410,100.00,3.7
供应链A007377452,101173145,7468470,100.00,3.7
供应链A007377452,101125008,7481469,100.00,3.7
供应链A007377452,101157059,7487109,100.00,3.7
供应链A007377452,101160960,7498813,100.00,3.7
供应链A007377452,100637269,7504857,100.00,3.7
供应链A007377452,101102059,7507386,100.00,3.7
供应链A007377452,100637182,7511883,100.00,3.7
供应链A007377452,101173242,7520057,100.00,3.7
供应链A007377452,101120684,7523463,100.00,3.7
供应链A007377452,101132439,7556547,100.00,3.7
供应链A007377452,100641281,7556753,100.00,3.7
供应链A007377452,101102117,7558961,100.00,3.7
供应链A007377452,100643020,7575318,100.00,3.7
供应链A007377452,101146236,7576408,100.00,3.7
供应链A007377452,101120811,7578658,100.00,3.7
供应链A007377452,101125194,7597442,100.00,3.7
供应链A007377452,101146944,7688090,100.00,3.7
供应链A007377452,101173562,7717791,100.00,3.7
供应链A007377452,101147574,7733302,100.00,3.7
供应链A007377452,101108592,7741973,100.00,3.7
供应链A007377452,101143161,7744603,100.00,3.7
供应链A007377452,101143169,7757997,100.00,3.7
供应链A007377452,100637710,7796486,100.00,3.7
供应链A007377452,101150511,7796969,100.00,3.7
供应链A007377452,101132730,7816382,100.00,3.7
供应链A007377452,101150571,7824504,100.00,3.7
供应链A007377452,100638931,7833129,100.00,3.7
供应链A007377452,101143305,7844832,100.00,3.7
供应链A007377452,101157448,7865890,100.00,3.7
供应链A007377452,101114873,7871412,100.00,3.7
供应链A007377452,101108862,7872346,100.00,3.7
供应链A007377452,101168833,7873748,100.00,3.7
供应链A007377452,101132895,7887673,100.00,3.7
供应链A007377452,101121168,7891793,100.00,3.7
供应链A007377452,101114971,7892752,100.00,3.7
供应链A007377452,101125545,7905109,100.00,3.7
供应链A007377452,101147007,7905261,100.00,3.7
供应链A007377452,101168757,7907909,100.00,3.7
供应链A007377452,101173922,7910761,100.00,3.7
供应链A007377452,101143500,7918066,100.00,3.7
供应链A007377452,101125614,7940383,100.00,3.7
,,7945186,0,0
供应链A007377452,101157509,7945409,100.00,3.7
供应链A007377452,101174028,7965178,100.00,3.7
供应链A007377452,101174114,7972403,100.00,3.7
供应链A007377452,101157610,7972467,100.00,3.7
供应链A007377452,101115150,7978806,100.00,3.7
供应链A007377452,101133054,7980562,100.00,3.7
供应链A007377452,101125893,7982791,100.00,3.7
供应链A007377452,101115198,7993340,100.00,3.7
供应链A007377452,101161320,8002319,100.00,3.7
供应链A007377452,101161334,8006912,100.00,3.7
供应链A007377452,100637450,8038803,100.00,3.7
供应链A007377452,101102775,8052905,100.00,3.7
供应链A007377452,101126015,8055080,100.00,3.7
供应链A007377452,100642340,8063590,100.00,3.7
供应链A007377452,101138730,8064583,100.00,3.7
供应链A007377452,101121510,8094460,100.00,3.7
供应链A007377452,101138807,8098511,100.00,3.7
供应链A007377452,101126171,8152812,100.00,3.7
供应链A007377452,101138878,8160733,100.00,3.7
供应链A007377452,101146307,8177626,100.00,3.7
供应链A007377452,101138945,8222900,100.00,3.7
供应链A007377452,100639011,8224333,100.00,3.7
供应链A007377452,101097597,8237407,100.00,3.7
供应链A007377452,100644335,8247970,100.00,3.7
供应链A007377452,101121603,8253654,100.00,3.7
供应链A007377452,101133415,8271649,100.00,3.7
供应链A007377452,101168463,8280847,100.00,3.7
供应链A007377452,101103045,8309081,100.00,3.7
供应链A007377452,101144111,8335588,100.00,3.7
供应链A007377452,101151284,8347515,100.00,3.7
供应链A007377452,101139127,8347992,100.00,3.7
供应链A007377452,101174831,8369285,100.00,3.7
供应链A007377452,101103111,8393385,100.00,3.7
供应链A007377452,101151373,8411213,100.00,3.7
供应链A007377452,101174914,8424152,100.00,3.7
供应链A007377452,100638089,8429996,100.00,3.7
供应链A007377452,100642342,8433457,100.00,3.7
供应链A007377452,101161709,8434145,100.00,3.7
供应链A007377452,101174972,8456628,100.00,3.7
供应链A007377452,101109682,8478563,100.00,3.7
供应链A007377452,101133760,8496496,100.00,3.7
供应链A007377452,100638495,8522165,100.00,3.7
供应链A007377452,101175121,8544517,100.00,3.7
供应链A007377452,101168281,8551193,100.00,3.7
供应链A007377452,101115820,8598923,100.00,3.7
供应链A007377452,101144429,8611358,100.00,3.7
供应链A007377452,101144475,8630545,100.00,3.7
供应链A007377452,101151672,8637037,100.00,3.7
供应链A007377452,101109899,8650267,100.00,3.7
供应链A007377452,101168191,8655406,100.00,3.7
供应链A007377452,101134056,8700271,100.00,3.7
供应链A007377452,101103449,8706556,100.00,3.7
供应链A007377452,101175434,8715425,100.00,3.7
供应链A007377452,101168022,8755139,100.00,3.7
供应链A007377452,101116051,8757520,100.00,3.7
供应链A007377452,100641564,8763799,100.00,3.7
供应链A007377452,101175592,8775636,100.00,3.7
供应链A007377452,101144794,8778717,100.00,3.7
供应链A007377452,101103680,8813746,100.00,3.7
供应链A007377452,101158430,8821094,100.00,3.7
供应链A007377452,101126962,8831049,100.00,3.7
供应链A007377452,101116137,8834881,100.00,3.7
供应链A007377452,101103756,8835642,100.00,3.7
供应链A007377452,101175799,8839397,100.00,3.7
供应链A007377452,101116143,8839745,100.00,3.7
供应链A007377452,100642508,8851998,100.00,3.7
供应链A007377452,101139914,8861411,100.00,3.7
供应链A007377452,101162196,8900553,100.00,3.7
供应链A007377452,101110270,8924536,100.00,3.7
供应链A007377452,101134410,8940766,100.00,3.7
供应链A007377452,101176014,8965175,100.00,3.7
供应链A007377452,101134484,8975780,100.00,3.7
供应链A007377452,101162227,9001089,100.00,3.7
供应链A007377452,100644036,9024683,100.00,3.7
供应链A007377452,101116347,9061485,100.00,3.7
供应链A007377452,101145108,9067942,100.00,3.7
供应链A007377452,101140122,9090810,100.00,3.7
供应链A007377452,101134649,9130912,100.00,3.7
供应链A007377452,101097368,9138925,100.00,3.7
供应链A007377452,101122752,9152261,100.00,3.7
供应链A007377452,101158725,9152725,100.00,3.7
供应链A007377452,101116495,9152839,100.00,3.7
供应链A007377452,101116501,9175678,100.00,3.7
供应链A007377452,101167689,9183855,100.00,3.7
供应链A007377452,101140285,9232224,100.00,3.7
供应链A007377452,101176393,9255202,100.00,3.7
供应链A007377452,101122795,9256937,100.00,3.7
供应链A007377452,101104222,9260415,100.00,3.7
供应链A007377452,101096987,9277798,100.00,3.7
供应链A007377452,101147678,9292751,100.00,3.7
供应链A007377452,101176485,9318721,100.00,3.7
供应链A007377452,101134802,9332731,100.00,3.7
供应链A007377452,100637658,9335118,100.00,3.7
供应链A007377452,101176574,9347162,100.00,3.7
供应链A007377452,101152416,9352467,100.00,3.7
供应链A007377452,101134880,9359683,100.00,3.7
供应链A007377452,101145363,9361204,100.00,3.7
供应链A007377452,100637439,9384926,100.00,3.7
供应链A007377452,100637684,9385139,100.00,3.7
供应链A007377452,101140473,9410437,100.00,3.7
供应链A007377452,101096958,9412664,100.00,3.7
供应链A007377452,101145483,9422835,100.00,3.7
供应链A007377452,101127560,9436406,100.00,3.7
供应链A007377452,101140589,9497036,100.00,3.7
供应链A007377452,101145595,9503567,100.00,3.7
供应链A007377452,101116956,9663802,100.00,3.7
供应链A007377452,101123231,9667775,100.00,3.7
供应链A007377452,101140834,9676470,100.00,3.7
供应链A007377452,101162703,9687906,100.00,3.7
供应链A007377452,101128087,9697923,100.00,3.7
供应链A007377452,101135359,9703004,100.00,3.7
供应链A007377452,101167233,9705461,100.00,3.7
供应链A007377452,101159382,9723376,100.00,3.7
供应链A007377452,101146699,9735664,100.00,3.7
供应链A007377452,101153098,9751017,100.00,3.7
供应链A007377452,101146816,9758560,100.00,3.7
供应链A007377452,101162874,9765940,100.00,3.7
供应链A007377452,101146961,9780770,100.00,3.7
供应链A007377452,101147087,9790790,100.00,3.7
供应链A007377452,101159575,9826313,100.00,3.7
供应链A007377452,101167063,9835467,100.00,3.7
供应链A007377452,101123526,9835484,100.00,3.7
供应链A007377452,101147368,9839349,100.00,3.7
供应链A007377452,101117468,9850263,100.00,3.7
供应链A007377452,101166982,9888799,100.00,3.7
供应链A007377452,101163070,9902032,100.00,3.7
供应链A007377452,101153560,9917554,100.00,3.7
供应链A007377452,101135953,9964417,100.00,3.7
供应链A007377452,101153670,9972826,100.00,3.7
供应链A007377452,101136041,10089597,100.00,3.7
供应链A007377452,101147399,10093022,100.00,3.7
供应链A007377452,100641472,10094627,100.00,3.7
供应链A007377452,100637443,10108077,100.00,3.7
供应链A007377452,101136079,10131113,100.00,3.7
供应链A007377452,101153856,10161048,100.00,3.7
供应链A007377452,101159927,10165452,100.00,3.7
供应链A007377452,101100001,10172182,100.00,3.7
供应链A007377452,101153916,10177031,100.00,3.7
供应链A007377452,100640044,10182395,100.00,3.7
供应链A007377452,101148163,10185548,100.00,3.7
供应链A007377452,101163321,10203828,100.00,3.7
供应链A007377452,101163335,10205095,100.00,3.7
供应链A007377452,101124140,10207137,100.00,3.7
供应链A007377452,101124167,10210299,100.00,3.7
供应链A007377452,101112106,10214110,100.00,3.7
供应链A007377452,101118274,10269241,100.00,3.7
供应链A007377452,101118288,10274920,100.00,3.7
供应链A007377452,101112253,10281312,100.00,3.7
供应链A007377452,101163472,10284749,100.00,3.7
供应链A007377452,101124395,10289056,100.00,3.7
供应链A007377452,101160178,10300978,100.00,3.7
供应链A007377452,101112358,10386863,100.00,3.7
供应链A007377452,100638543,10411307,100.00,3.7
供应链A007377452,101129239,10431852,100.00,3.7
供应链A007377452,101106330,10463572,100.00,3.7
供应链A007377452,101136696,10466265,100.00,3.7
供应链A007377452,101124637,10485217,100.00,3.7
供应链A007377452,100637680,10558369,100.00,3.7
供应链A007377452,101129416,10558490,100.00,3.7
供应链A007377452,101154414,10582475,100.00,3.7
供应链A007377452,101112714,10612886,100.00,3.7
供应链A007377452,101163785,10648026,100.00,3.7
供应链A007377452,101118923,10678955,100.00,3.7
供应链A007377452,101124919,10752733,100.00,3.7
供应链A007377452,101166351,10769149,100.00,3.7
供应链A007377452,101119109,10800110,100.00,3.7
供应链A007377452,100637555,10971212,100.00,3.7
供应链A007377452,101130033,11026575,100.00,3.7
供应链A007377452,101125242,11030009,100.00,3.7
供应链A007377452,101119471,11030396,100.00,3.7
供应链A007377452,101148028,11067704,100.00,3.7
供应链A007377452,101119639,11070951,100.00,3.7
供应链A007377452,101113285,11085866,100.00,3.7
供应链A007377452,101125592,11096263,100.00,3.7
供应链A007377452,101143249,11116744,100.00,3.7
供应链A007377452,101098738,11121362,100.00,3.7
供应链A007377452,101161010,11143960,100.00,3.7
供应链A007377452,101113726,11146756,100.00,3.7
供应链A007377452,101113748,11148128,100.00,3.7
供应链A007377452,101107473,11157853,100.00,3.7
供应链A007377452,101138017,11169368,100.00,3.7
供应链A007377452,101150588,11170695,100.00,3.7
供应链A007377452,101098989,11176450,100.00,3.7
供应链A007377452,101138066,11184219,100.00,3.7
供应链A007377452,101161133,11189222,100.00,3.7
供应链A007377452,101161161,11194278,100.00,3.7
供应链A007377452,101161195,11199039,100.00,3.7
供应链A007377452,101150044,11205677,100.00,3.7
供应链A007377452,100641952,11226897,100.00,3.7
供应链A007377452,100638026,11232797,100.00,3.7
供应链A007377452,101165525,11245220,100.00,3.7
供应链A007377452,101161294,11250408,100.00,3.7
供应链A007377452,101165732,11260114,100.00,3.7
供应链A007377452,100640996,11265335,100.00,3.7
供应链A007377452,100643483,11277415,100.00,3.7
供应链A007377452,101131206,11297159,100.00,3.7
供应链A007377452,101144037,11306474,100.00,3.7
供应链A007377452,101120743,11324942,100.00,3.7
供应链A007377452,101155821,11328146,100.00,3.7
供应链A007377452,101126293,11337227,100.00,3.7
供应链A007377452,101151234,11363682,100.00,3.7
供应链A007377452,101131299,11365443,100.00,3.7
供应链A007377452,100641911,11365446,100.00,3.7
供应链A007377452,101165477,11374420,100.00,3.7
供应链A007377452,101102508,11422124,100.00,3.7
供应链A007377452,101146332,11443040,100.00,3.7
供应链A007377452,101151453,11446134,100.00,3.7
供应链A007377452,101131527,11475473,100.00,3.7
供应链A007377452,101096949,11478136,100.00,3.7
供应链A007377452,101144549,11498905,100.00,3.7
供应链A007377452,101151659,11520672,100.00,3.7
供应链A007377452,100642013,11524570,100.00,3.7
供应链A007377452,101108324,11537430,100.00,3.7
供应链A007377452,101139076,11549717,100.00,3.7
供应链A007377452,101144764,11573987,100.00,3.7
供应链A007377452,100637197,11593464,100.00,3.7
供应链A007377452,100637556,11593983,100.00,3.7
供应链A007377452,101108447,11595056,100.00,3.7
供应链A007377452,101126932,11600938,100.00,3.7
供应链A007377452,101161922,11614400,100.00,3.7
供应链A007377452,101166840,11660404,100.00,3.7
供应链A007377452,101161949,11661345,100.00,3.7
供应链A007377452,101121550,11663662,100.00,3.7
供应链A007377452,100640957,11667122,100.00,3.7
供应链A007377452,101115281,11669875,100.00,3.7
供应链A007377452,101156289,11672556,100.00,3.7
供应链A007377452,101145094,11679543,100.00,3.7
供应链A007377452,101167209,11688215,100.00,3.7
供应链A007377452,101099329,11693268,100.00,3.7
供应链A007377452,100641823,11694210,100.00,3.7
供应链A007377452,101103310,11697947,100.00,3.7
供应链A007377452,101139601,11698459,100.00,3.7
供应链A007377452,101121837,11701051,100.00,3.7
供应链A007377452,101103330,11703574,100.00,3.7
供应链A007377452,101162137,11713366,100.00,3.7
供应链A007377452,101115587,11716208,100.00,3.7
供应链A007377452,101127428,11717220,100.00,3.7
供应链A007377452,101152378,11718659,100.00,3.7
供应链A007377452,101162181,11719186,100.00,3.7
供应链A007377452,101103573,11727172,100.00,3.7
供应链A007377452,101167755,11728802,100.00,3.7
供应链A007377452,101115779,11736229,100.00,3.7
供应链A007377452,101122151,11736342,100.00,3.7
供应链A007377452,101167903,11737681,100.00,3.7
供应链A007377452,101115824,11740549,100.00,3.7
供应链A007377452,101147670,11744789,100.00,3.7
供应链A007377452,101109147,11750859,100.00,3.7
供应链A007377452,101152673,11751945,100.00,3.7
供应链A007377452,101145786,11754345,100.00,3.7
供应链A007377452,101156769,11755260,100.00,3.7
供应链A007377452,101140018,11759107,100.00,3.7
供应链A007377452,101132801,11759963,100.00,3.7
供应链A007377452,101099761,11766874,100.00,3.7
供应链A007377452,101122429,11769003,100.00,3.7
供应链A007377452,101164663,11770307,100.00,3.7
供应链A007377452,101127816,11771907,100.00,3.7
供应链A007377452,100641851,11777584,100.00,3.7
供应链A007377452,101162432,11778398,100.00,3.7
供应链A007377452,101116166,11779609,100.00,3.7
供应链A007377452,101122537,11779901,100.00,3.7
供应链A007377452,100642369,11782961,100.00,3.7
供应链A007377452,101122619,11792561,100.00,3.7
供应链A007377452,101109476,11792641,100.00,3.7
供应链A007377452,101146938,11798674,100.00,3.7
供应链A007377452,101104158,11799884,100.00,3.7
供应链A007377452,101109539,11800178,100.00,3.7
供应链A007377452,101122661,11800598,100.00,3.7
供应链A007377452,101153016,11807537,100.00,3.7
供应链A007377452,101146594,11813933,100.00,3.7
供应链A007377452,101146609,11814005,100.00,3.7
供应链A007377452,100639041,11814039,100.00,3.7
供应链A007377452,101116417,11821796,100.00,3.7
供应链A007377452,100638194,11833557,100.00,3.7
供应链A007377452,100639596,11835275,100.00,3.7
供应链A007377452,101153162,11836473,100.00,3.7
供应链A007377452,101150088,11837314,100.00,3.7
供应链A007377452,101122984,11839243,100.00,3.7
供应链A007377452,101104537,11840602,100.00,3.7
供应链A007377452,100637370,11843081,100.00,3.7
供应链A007377452,101164409,11853679,100.00,3.7
供应链A007377452,101096631,11862824,100.00,3.7
供应链A007377452,101116761,11864603,100.00,3.7
供应链A007377452,101116787,11866799,100.00,3.7
供应链A007377452,101116798,11868638,100.00,3.7
供应链A007377452,101128508,11870231,100.00,3.7
供应链A007377452,101104760,11904392,100.00,3.7
供应链A007377452,101169470,11928330,100.00,3.7
供应链A007377452,101110257,11930646,100.00,3.7
供应链A007377452,101123458,11931885,100.00,3.7
供应链A007377452,101117056,11932608,100.00,3.7
供应链A007377452,101157760,11937282,100.00,3.7
供应链A007377452,101133800,11943410,100.00,3.7
供应链A007377452,100640374,11954077,100.00,3.7
供应链A007377452,101117530,11974239,100.00,3.7
供应链A007377452,101158074,11977188,100.00,3.7
供应链A007377452,101163248,11981999,100.00,3.7
供应链A007377452,101149096,11984520,100.00,3.7
供应链A007377452,101164072,11988658,100.00,3.7
供应链A007377452,101164063,11988884,100.00,3.7
供应链A007377452,101117728,11988953,100.00,3.7
供应链A007377452,101141900,11990420,100.00,3.7
供应链A007377452,101158281,11991114,100.00,3.7
供应链A007377452,101110954,11992201,100.00,3.7
供应链A007377452,101170977,11993645,100.00,3.7
供应链A007377452,101149327,11994234,100.00,3.7
供应链A007377452,101134400,11995036,100.00,3.7
供应链A007377452,101111070,11996169,100.00,3.7
供应链A007377452,101098981,11997707,100.00,3.7
供应链A007377452,100644358,12002943,100.00,3.7
供应链A007377452,101163875,12005062,100.00,3.7
供应链A007377452,101129702,12006685,100.00,3.7
供应链A007377452,101163635,12011832,100.00,3.7
供应链A007377452,101163708,12013305,100.00,3.7
供应链A007377452,101134769,12013313,100.00,3.7
供应链A007377452,101099712,12020742,100.00,3.7
供应链A007377452,101148466,12023388,100.00,3.7
供应链A007377452,101111534,12023516,100.00,3.7
供应链A007377452,101164005,12023575,100.00,3.7
供应链A007377452,101142619,12029036,100.00,3.7
供应链A007377452,101159007,12029118,100.00,3.7
供应链A007377452,101106555,12038778,100.00,3.7
供应链A007377452,101150459,12045310,100.00,3.7
供应链A007377452,101174865,12046812,100.00,3.7
供应链A007377452,101130769,12055329,100.00,3.7
供应链A007377452,101112468,12056482,100.00,3.7
供应链A007377452,101125864,12072162,100.00,3.7
供应链A007377452,100642099,12072395,100.00,3.7
供应链A007377452,101143947,12077318,100.00,3.7
供应链A007377452,101131317,12077553,100.00,3.7
供应链A007377452,101148629,12077746,100.00,3.7
供应链A007377452,101119929,12081070,100.00,3.7
供应链A007377452,101098886,12084374,100.00,3.7
供应链A007377452,101174639,12086833,100.00,3.7
供应链A007377452,101160200,12091583,100.00,3.7
供应链A007377452,101144403,12092380,100.00,3.7
供应链A007377452,101136728,12094248,100.00,3.7
供应链A007377452,101102782,12103021,100.00,3.7
