{
    "author": "wangshijie",
    "comment": "秒杀admin后台列表",
    "namespace": "NCFGroup\\Protos\\Marketing",
    "use": ["NCFGroup\\Common\\Extensions\\Base\\ProtoBufferBase", "Assert\\Assertion", "NCFGroup\\Common\\Extensions\\Base\\Pageable"],
    "extend": "ProtoBufferBase",
    "properties": [
        {
            "name": "pageable",
            "comment": "分页类",
            "type": "\\NCFGroup\\Common\\Extensions\\Base\\Pageable",
            "required": true
        },
        {
            "name": "condition",
            "comment": "查询条件",
            "type": "string",
            "required": false,
            "default": ""
        }
    ]
}
