{
    "author": "wangshijie",
    "comment": "秒杀admin列表",
    "namespace": "NCFGroup\\Protos\\Marketing",
    "use": ["NCFGroup\\Common\\Extensions\\Base\\ResponseBase", "Assert\\Assertion", "NCFGroup\\Protos\\Medal\\ProtoMedalInfo"],
    "extend": "ResponseBase",
    "properties": [
        {
            "name": "dataPage",
            "comment": "秒杀列表带翻页",
            "type": "\\NCFGroup\\Common\\Extensions\\Base\\Page<ProtoMedalInfo>",
            "required": true
        }
    ]
}
