{
    "author": "liuzhenpeng",
    "comment": "网盟用户相关",
    "namespace": "NCFGroup\\Protos\\Ptp",
    "use": ["NCFGroup\\Common\\Extensions\\Base\\AbstractRequestBase", "Assert\\Assertion"],
    "extend": "AbstractRequestBase",
    "properties": [
        {
            "name": "mobile",
            "comment": "用户手机号码",
            "type": "string",
            "required": true
        },
        {
            "name": "username",
            "comment": "用户名",
            "type": "string",
            "required": false,
            "default":""
        },
        {
            "name": "registerPwd",
            "comment": "网贷天眼信用户自动生成新密码",
            "type": "string",
            "required": false,
            "default":""
        },
        {
            "name": "userPwd",
            "comment": "登录密码",
            "type": "string",
            "required": false,
            "default":""
        },
        {
            "name": "dealId",
            "comment": "标的id",
            "type": "int",
            "required": false,
            "default":0
        },
        {
            "name": "userIds",
            "comment": "获取最近一天交易记录的userid串",
            "type": "string",
            "required": false,
            "default":""
        },
        {
            "name": "sendTime",
            "comment": "查询时间",
            "type": "int",
            "required": false,
            "default":0
        },
        {
            "name": "inviteCode",
            "comment": "邀请码",
            "type": "string",
            "required": false,
            "default":""
        }
    ]
}

