{
    "namespace": "NCFGroup\\Protos\\Ptp",
    "comment": "客户信息",
    "author": "wangjiansong",
    "use": {
        "0": "NCFGroup\\Common\\Extensions\\Base\\ProtoBufferBase",
        "1": "Assert\\Assertion"
    },
    "extend": "ProtoBufferBase",
    "properties": {
        "0": {
            "required": true,
            "name": "dealId",
            "type": "string",
            "comment": "投资标ID"
        },
        "1": {
            "required": true,
            "name": "userName",
            "type": "string",
            "comment": "用户名"
        },
        "2": {
            "required": true,
            "name": "realName",
            "type": "string",
            "comment": "用户真实姓名"
        },
        "3": {
            "required": true,
            "name": "dealName",
            "type": "string",
            "comment": "标名字"
        },
        "4": {
            "required": true,
            "name": "dueDay",
            "type": "string",
            "comment": "到期日期"
        },
        "5": {
            "required": true,
            "name": "total",
            "type": "string",
            "comment": "标总额"
        },
        "6": {
            "required": true,
            "name": "dealRate",
            "type": "string",
            "comment": "投资标利率"
        },
        "7": {
            "required": true,
            "name": "loanAmount",
            "type": "string",
            "comment": "投标金额"
        },
        "8": {
            "required": false,
            "name": "createTime",
            "type": "string",
            "comment": "投标时间",
            "default": ""
        },
        "9": {
            "required": true,
            "name": "profitRate",
            "type": "string",
            "comment": "佣金分成"
        },
        "10": {
            "required": true,
            "name": "profitStatus",
            "type": "string",
            "comment": "佣金结算状态"
        },
        "11": {
            "required": true,
            "name": "duration",
            "type": "string",
            "comment": "标的期限"
        },
        "12": {
            "required": true,
            "name": "dealTypeText",
            "type": "string",
            "comment": "标类型"
        },
        "13": {
            "required": true,
            "name": "commission",
            "type": "string",
            "comment": "该客户给该理财师带来的佣金总额"
        },
        "14": {
            "required": true,
            "name": "investAmount",
            "type": "string",
            "comment": "该客户的投资总额"
        }
    }
}
