{
    "author": "liuzhenpeng",
    "comment": "OpenAppInfo",
    "namespace": "NCFGroup\\Protos\\Ptp",
    "use": ["NCFGroup\\Common\\Extensions\\Base\\ProtoBufferBase", "Assert\\Assertion"],
    "extend": "ProtoBufferBase",
    "properties": [
        {
            "name": "client_id",
            "comment": "client_id",
            "type": "string",
            "required": true,
            "default": 0
        },
        {
            "name": "need_invite",
            "comment": "是否查询站点邀请码用户ID",
            "type": "int",
            "required": false,
            "default": 0
        }
    ]
}

