{
    "author": "wangjiansong",
    "comment": "热标与待上线标信息",
    "namespace": "NCFGroup\\Protos\\Ptp",
    "use":["NCFGroup\\Common\\Extensions\\Base\\ProtoBufferBase", "Assert\\Assertion"],
    "extend": "ProtoBufferBase",
    "properties": [
        {
            "name": "id",
            "comment": "标ID",
            "type": "string",
            "required": true
        },
        {
            "name": "name",
            "comment": "标名字",
            "type": "string",
            "required": true
        },
        {
            "name": "tagName",
            "comment": "标签名字",
            "type": "string",
            "required": true
        },
        {
            "name": "timeLimit",
            "comment": "期限",
            "type": "string",
            "required": true
        },
        {
            "name": "total",
            "comment": "标总额",
            "type": "string",
            "required": true
        },
        {
            "name": "minLoan",
            "comment": "最小起投金额",
            "type": "string",
            "required": true
        },
        {
            "name": "repayment",
            "comment": "还款方式",
            "type": "string",
            "required": true
        },
        {
            "name": "rate",
            "comment": "收益率",
            "type": "string",
            "required": true
        },
        {
            "name": "canLoan",
            "comment": "剩余可投金额",
            "type": "string",
            "required": true
        },
        {
            "name": "dealTypeText",
            "comment": "标的类型",
            "type": "string",
            "required": true
        }
    ]
}


