{
    "author": "yutao",
    "comment": "DealProject",
    "namespace": "NCFGroup\\Protos\\Ptp",
    "use": ["NCFGroup\\Common\\Extensions\\Base\\ProtoBufferBase", "Assert\\Assertion"],
    "extend": "ProtoBufferBase",
    "properties": [
        {
            "name": "id",
            "comment": "projectID",
            "type": "int",
            "required": false,
            "default": 0
        },
        {
            "name": "userId",
            "comment": "userId",
            "type": "int",
            "required": true
        },
        {
            "name": "approveNumber",
            "comment": "放款审批单编号",
            "type": "string",
            "required": false,
            "default": ""
        },
        {
            "name": "name",
            "comment": "项目名称",
            "type": "string",
            "required": false,
            "default": ""
        },
        {
            "name": "borrowAmount",
            "comment": "借款总金额",
            "type": "float",
            "required": false,
            "default": 0.00
        },
        {
            "name": "loanType",
            "comment": "还款方式",
            "type": "int",
            "required": false,
            "default": 0
        },
        {
            "name": "repayReriod",
            "comment": "借款期限",
            "type": "int",
            "required": false,
            "default": 0
        },
        {
            "name": "rate",
            "comment": "借款综合成本(年化)",
            "type": "float",
            "required": false,
            "default": 0.0
        },
        {
            "name": "credit",
            "comment": "项目授信额度",
            "type": "float",
            "required": false,
            "default": 0.00
        },
        {
            "name": "projectInfoUrl",
            "comment": "项目简介（word附件地址）",
            "type": "string",
            "required": false,
            "default": ""
        },
        {
            "name": "ProjectExtrainfoUrl",
            "comment": "项目要素(excel 附件地址)",
            "type": "string",
            "required": false,
            "default": ""
        },
        {
            "name": "dealType",
            "comment": "标的类型",
            "type": "int",
            "required": false,
            "default": 0
        },
        {
            "name": "lockPeriod",
            "comment": "项目锁定期",
            "type": "int",
            "required": false,
            "default": 0
        },
        {
            "name": "redemptionPeriod",
            "comment": "项目赎回期",
            "type": "int",
            "required": false,
            "default": 0
        }

    ]
}

