{
    "author": "liuzhenpeng",
    "comment": "ProtoOpenDelP2pDealProject",
    "namespace": "NCFGroup\\Protos\\Ptp",
    "use": ["NCFGroup\\Common\\Extensions\\Base\\ProtoBufferBase", "Assert\\Assertion"],
    "extend": "ProtoBufferBase",
    "properties": [
        {
            "name": "dealId",
            "comment": "dealId",
            "type": "int",
            "required": false,
            "default":0
        },
        {
            "name": "projectId",
            "comment": "projectId",
            "type": "int",
            "required": false,
            "default": 0
        }
    ]
}

