{
    "author": "wangjiansong",
    "comment": "热标与待上线标信息",
    "namespace": "NCFGroup\\Protos\\Ptp",
    "use":["NCFGroup\\Common\\Extensions\\Base\\ProtoBufferBase", "Assert\\Assertion"],
    "extend": "ProtoBufferBase",
    "properties": [
        {
            "name": "dealId",
            "comment": "标ID",
            "type": "string",
            "required": true
        },
        {
            "name": "dealName",
            "comment": "标名字",
            "type": "string",
            "required": true
        },
        {
            "name": "dueDay",
            "comment": "到期日期",
            "type": "string",
            "required": true
        },
        {
            "name": "total",
            "comment": "标总额",
            "type": "string",
            "required": true
        },
        {
            "name": "dealRate",
            "comment": "投资标利率",
            "type": "string",
            "required": true
        },
        {
            "name": "loanAmount",
            "comment": "投标金额",
            "type": "string",
            "required": true
        },
        {
            "name": "repayment",
            "comment": "还款方式",
            "type": "string",
            "required": true
        }
    ]
}


