{
    "namespace": "NCFGroup\\Protos\\Ptp",
    "comment": "搜索客户对象类型",
    "author": "wangjiansong@",
    "use": {
        "0": "NCFGroup\\Common\\Extensions\\Base\\ProtoBufferBase",
        "1": "Assert\\Assertion"
    },
    "extend": "ProtoBufferBase",
    "properties": {
        "0": {
            "required": true,
            "name": "userId",
            "type": "string",
            "comment": "客户ID"
        },
        "1": {
            "required": true,
            "name": "userName",
            "type": "string",
            "comment": "用户名"
        },
        "2": {
            "required": true,
            "name": "realName",
            "type": "string",
            "comment": "真实姓名"
        },
        "3": {
            "required": true,
            "name": "mobile",
            "type": "string",
            "comment": "手机号码"
        }
    }
}