{
    "author": "liuzhenpeng",
    "comment": "网盟标的相关",
    "namespace": "NCFGroup\\Protos\\Ptp",
    "use": ["NCFGroup\\Common\\Extensions\\Base\\AbstractRequestBase", "Assert\\Assertion"],
    "extend": "AbstractRequestBase",
    "properties": [
        {
            "name": "mobile",
            "comment": "用户手机号码",
            "type": "string",
            "required": true
        },
        {
            "name": "dealStatus",
            "comment": "标的状态",
            "type": "int",
            "required": false,
            "default":0
        },
        {
            "name": "dealId",
            "comment": "标的id",
            "type": "int",
            "required": false,
            "default":0
        },
        {
            "name": "loadId",
            "comment": "投资id",
            "type": "int",
            "required": false,
            "default":0
        },
        {
            "name": "dealIds",
            "comment": "标的id字符串",
            "type": "string",
            "required": false,
            "default":""
        }
    ]
}

