{
    "namespace": "NCFGroup\\Protos\\Ptp",
    "comment": "客户信息",
    "author": "wangjiansong",
    "use": {
        "0": "NCFGroup\\Common\\Extensions\\Base\\ProtoBufferBase",
        "1": "Assert\\Assertion"
    },
    "extend": "ProtoBufferBase",
    "properties": {
        "0": {
            "required": true,
            "name": "userId",
            "type": "string",
            "comment": "用户ID"
        },
        "1": {
            "required": true,
            "name": "userName",
            "type": "string",
            "comment": "用户名"
        },
        "2": {
            "required": true,
            "name": "realName",
            "type": "string",
            "comment": "用户真实姓名"
        },
        "3": {
            "required": true,
            "name": "mobile",
            "type": "string",
            "comment": "手机号"
        },
        "4": {
            "required": true,
            "name": "mobileShow",
            "type": "string",
            "comment": "显示的手机号"
        },
        "5": {
            "required": true,
            "name": "memo",
            "type": "string",
            "comment": "客户备注"
        },
        "6": {
            "required": true,
            "name": "profitTotal",
            "type": "string",
            "comment": "总佣金"
        },
        "7": {
            "required": true,
            "name": "investingTotal",
            "type": "string",
            "comment": "在投金额"
        },
        "8": {
            "required": true,
            "name": "latestDay",
            "type": "string",
            "comment": "最新到期本金日期"
        },
        "9": {
            "required": true,
            "name": "latestAmount",
            "type": "string",
            "comment": "最新到期本金"
        },
        "10": {
            "required": true,
            "name": "latestAmountOriginal",
            "type": "string",
            "comment": "最新到期本金(原始值)"
        },
        "11": {
            "required": true,
            "name": "profitRatioAvg",
            "type": "string",
            "comment": "在投平均收益"
        },
        "12": {
            "required": true,
            "name": "periodAvg",
            "type": "string",
            "comment": "在投平均周期"
        },
        "13": {
            "required": true,
            "name": "investNum",
            "type": "string",
            "comment": "在投标数量"
        },
        "14": {
            "required": true,
            "name": "pastDay",
            "type": "string",
            "comment": "最近投资时间(进行中，满标，还款中)"
        },
        "15": {
            "required": true,
            "name": "dealName",
            "type": "string",
            "comment": "最近到期标名字"
        },
        "16": {
            "required": true,
            "name": "loanAmount",
            "type": "string",
            "comment": "最近到期标投标金额"
        },
        "17": {
            "required": true,
            "name": "loanAmountOriginal",
            "type": "string",
            "comment": "最近到期标投标金额(原始值)"
        },
        "18": {
            "required": true,
            "name": "dealRate",
            "type": "string",
            "comment": "投资标利率"
        },
        "19": {
            "required": true,
            "name": "dealRateOriginal",
            "type": "string",
            "comment": "投资标利率(原始值)"
        },
        "20": {
            "required": true,
            "name": "bidRepayLimitTime",
            "type": "string",
            "comment": "最近到期标的投资期限"
        },
        "21": {
            "required": true,
            "name": "dealLoanType",
            "type": "string",
            "comment": "投标类型"
        },
        "22": {
            "required": true,
            "name": "dealId",
            "type": "string",
            "comment": "标ID"
        },
        "23": {
            "required": true,
            "name": "dealTypeText",
            "type": "string",
            "comment": "标类型"
        },
        "24": {
            "required": false,
            "name": "neverInvest",
            "type": "string",
            "comment": "是否从未投资过，1是，0否",
            "default": "0"
        }
    }
}