{
    "author": "yutao",
    "comment": "用户Proto",
    "namespace": "NCFGroup\\Protos\\Ptp",
    "use": ["NCFGroup\\Common\\Extensions\\Base\\ProtoBufferBase", "Assert\\Assertion"],
    "extend": "ProtoBufferBase",
    "properties": [
        {
            "name": "userId",
            "comment": "用户ID",
            "type": "int",
            "required": true
        },
        {
            "name": "userName",
            "comment": "用户名",
            "type": "string",
            "required": false,
            "default": ""
        },
        {
            "name": "realName",
            "comment": "用户名",
            "type": "string",
            "required": false,
            "default": ""
        },
        {
            "name": "sex",
            "comment": "性别",
            "type": "int",
            "required": false,
            "default": -1
        },
        {
            "name": "money",
            "comment": "money",
            "type": "string",
            "required": false,
            "default": ""
        },
        {
            "name": "lock_money",
            "comment": "lock_money",
            "type": "string",
            "required": false,
            "default": ""
        },
        {
            "name": "idno",
            "comment": "身份证号",
            "type": "string",
            "required": false,
            "default": ""
        },
        {
            "name": "idtype",
            "comment": "证件类型",
            "type": "int",
            "required": false,
            "default": 1
        },
        {
            "name": "idcardPassed",
            "comment": "身份验证",
            "type": "int",
            "required": false,
            "default": ""
        },
        {
            "name": "photoPassed",
            "comment": "photo验证",
            "type": "string",
            "required": false,
            "default": ""
        },
        {
            "name": "mobile",
            "comment": "手机号码",
            "type": "string",
            "required": false,
            "default": ""
        },
        {
            "name": "email",
            "comment": "用户邮箱",
            "type": "string",
            "required": false,
            "default": ""
        },
        {
            "name": "bankNo",
            "comment": "银行卡号",
            "type": "string",
            "required": false,
            "default": ""
        },
        {
            "name": "bank",
            "comment": "银行名称",
            "type": "string",
            "required": false,
            "default": ""
        },
        {
            "name": "bankIcon",
            "comment": "bank_icon",
            "type": "string",
            "required": false,
            "default": ""
        },
        {
            "name": "bankZone",
            "comment": "bank_zone",
            "type": "string",
            "required": false,
            "default": ""
        },
        {
            "name": "bankId",
            "comment": "银行ID",
            "type": "int",
            "required": false,
            "default": 0
        },
        {
            "name": "bankUserName",
            "comment": "开户用户名",
            "type": "string",
            "required": false,
            "default": ""
        },
        {
            "name": "remain",
            "comment": "remain",
            "type": "string",
            "required": false,
            "default": ""
        },
        {
            "name": "frozen",
            "comment": "frozen",
            "type": "string",
            "required": false,
            "default": ""
        },
        {
            "name": "earningAll",
            "comment": "earningAll",
            "type": "string",
            "required": false,
            "default": ""
        },
        {
            "name": "income",
            "comment": "income",
            "type": "string",
            "required": false,
            "default": ""
        },
        {
            "name": "corpus",
            "comment": "corpus",
            "type": "string",
            "required": false,
            "default": ""
        },
        {
            "name": "total",
            "comment": "total",
            "type": "string",
            "required": false,
            "default": ""
        },
        {
            "name": "totalExt",
            "comment": "totalExt",
            "type": "string",
            "required": false,
            "default": ""
        },
        {
            "name": "bonus",
            "comment": "bonus",
            "type": "string",
            "required": false,
            "default": ""
        },
        {
            "name": "groupId",
            "comment": "分组ID",
            "type": "int",
            "required": false,
            "default": 0
        },
        {
            "name": "registerTime",
            "comment": "注册时间",
            "type": "int",
            "required": false,
            "default": 0
        },
        {
            "name": "referUserId",
            "comment": "邀请人ID",
            "type": "int",
            "required": false,
            "default": 0
        },
        {
            "name": "inviteCode",
            "comment": "注册邀请码",
            "type": "string",
            "required": false,
            "default": ""
        },
        {
            "name": "siteName",
            "comment": "用户所属网站",
            "type": "string",
            "required": false,
            "default": ""
        },
        {
            "name": "inviteSiteName",
            "comment": "邀请人所属网站",
            "type": "string",
            "required": false,
            "default": ""
        },
        {
            "name": "isO2oUser",
            "comment": "是否为o2o用户",
            "type": "int",
            "required": false,
            "default": 0
        },
        {
            "name": "pageNum",
            "comment": "页码",
            "type": "int",
            "required": false,
            "default": 1
        },
        {
            "name": "pageSize",
            "comment": "每页数量",
            "type": "int",
            "required": false,
            "default": 30
        },
        {
            "name": "type",
            "comment": "返利类型",
            "type": "string",
            "required": false,
            "default": ""
        },
        {    "name": "updateTime",
            "comment": "更新时间",
            "type": "int",
            "required": false,
            "default": 0
        },
        {
            "name": "isEffect",
            "comment": "是否有效",
            "type": "int",
            "required": false,
            "default": 1
        },
        {
            "name": "idTypeList",
            "comment": "身份类型列表",
            "type": "array",
            "required": false,
            "default": null
        },
        {
            "name": "userPwd",
            "comment": "用户密码",
            "type": "string",
            "required": false,
            "default": ""
        },
        {
            "name": "userTypes",
            "comment": "用户类型",
            "type": "int",
            "required": false,
            "default": 2
        },
        {
            "name": "djsNorepayPrincipal",
            "comment": "大金所待收本金",
            "type": "string",
            "required": false,
            "default": ""
        },
        {
            "name": "djsNorepayEarnings",
            "comment": "大金所待收收益",
            "type": "string",
            "required": false,
            "default": ""
        },
        {
            "name": "djsTotalEarnings",
            "comment": "大金所累计收益",
            "type": "string",
            "required": false,
            "default": ""
        },
        {
            "name": "inviteeId",
            "comment": "被邀请人ID",
            "type": "string",
            "required": false,
            "default": 0
        },
        {
            "name": "isDFLH",
            "comment": "是否是东方联合用户",
            "type": "int",
            "required": false,
            "default": 0
        },
        {
            "name": "corpusTotal",
            "comment": "包含存管的在投本金",
            "type": "string",
            "required": false,
            "default": 0
        },
        {
            "name": "incomeTotal",
            "comment": "包含存管的待收收益",
            "type": "string",
            "required": false,
            "default": 0
        },
        {
            "name": "earningAllTotal",
            "comment": "包含存管的累计收益",
            "type": "string",
            "required": false,
            "default": 0
        },
        {
            "name": "cgNorepayPrincipal",
            "comment": "存管在投本金",
            "type": "string",
            "required": false,
            "default": 0
        },
        {
            "name": "isWxFreePayment",
            "comment": "网信账户免密授权状态",
            "type": "int",
            "required": false,
            "default": 0
        },
        {
           "name": "cardVerify",
           "comment": "验卡状态",
           "type": "int",
           "required": false,
           "default": 0
        },
        {
            "name": "unFormatted",
            "comment": "未货币格式化的user表money字段",
            "type": "float",
            "required": false,
            "default": 0.00
        },
        {
            "name":"bankCode",
            "comment":"银行简码",
            "type":"string",
            "required":false,
            "default":""
        },
        {
            "name":"userAge",
            "comment":"用户年龄",
            "type":"int",
            "required":false,
            "default":""
        },
        {
           "name": "isTm",
           "comment": "数据是否脱敏",
           "type": "int",
           "required": false,
           "default": 1
        },
        {
            "name": "allUserId",
            "comment": "所有用户id",
            "type": "array",
            "required": false,
            "default": null
        }



    ]
}

