{
    "author": "wangfei",
    "comment": "邀请码使用投资返利记录",
    "namespace": "NCFGroup\\Protos\\Ptp",
    "use":["NCFGroup\\Common\\Extensions\\Base\\ProtoBufferBase", "Assert\\Assertion"],
    "extend": "ProtoBufferBase",
    "properties": [
        {
            "name": "userName",
            "comment": "用户名",
            "type": "string",
            "required": true
        },
        {
            "name": "realName",
            "comment": "用户真实姓名",
            "type": "string",
            "required": true
        }
    ]
}


