{
    "author": "liuzhenpeng",
    "comment": "OpenAppInfo",
    "namespace": "NCFGroup\\Protos\\Ptp",
    "use": ["NCFGroup\\Common\\Extensions\\Base\\ProtoBufferBase", "Assert\\Assertion"],
    "extend": "ProtoBufferBase",
    "properties": [
        {
            "name": "session_id",
            "comment": "session_id",
            "type": "string",
            "required": true,
            "default": 0
        },
        {
            "name": "terminal",
            "comment": "终端",
            "type": "string",
            "required": false,
            "default": "web"
        }
    ]
}

