{
    "author": "wangchuanlu",
    "comment": "多投向p2p投资service",
    "namespace": "NCFGroup\\Protos\\Ptp",
    "use": ["NCFGroup\\Common\\Extensions\\Base\\AbstractRequestBase", "Assert\\Assertion"],
    "extend": "AbstractRequestBase",
    "properties": [
        {
            "name": "token",
            "comment": "token",
            "type": "string",
            "required": true
        },
        {
            "name": "p2pDealId",
            "comment": "投资的p2pDealId",
            "type": "int",
            "required": true
        },
        {
            "name": "userId",
            "comment": "用户ID",
            "type": "int",
            "required": true
        },
        {
            "name": "redeemUserId",
            "comment": "赎回用户ID",
            "type": "int",
            "required": false,
            "default":0
        },
        {
            "name": "money",
            "comment": "转账金额",
            "type": "float",
            "required": true
        },
        {
            "name": "transParams",
            "comment": "透传参数",
            "type": "array",
            "default": null,
            "required": false
        }
    ]
}