{
    "author": "zhangzhuyan",
    "comment": "理财师用户上传头像",
    "namespace": "NCFGroup\\Protos\\Ptp",
    "use": ["NCFGroup\\Common\\Extensions\\Base\\AbstractRequestBase", "Assert\\Assertion"],
    "extend": "AbstractRequestBase",
    "properties": [
        {
            "name": "userId",
            "comment": "用户ID",
            "type": "int",
            "required": true
        },
        {
            "name": "img",
            "comment": "头像二进制数据",
            "type": "",
            "required": true
        },
        {
            "name": "imgName",
            "comment": "头像名称",
            "type": "string",
            "required": true
        }
    ]
}

