{
    "namespace": "NCFGroup\\Protos\\Ptp",
    "comment": "资金记录服务化",
    "author": "guofeng3",
    "use": {
        "0": "NCFGroup\\Common\\Extensions\\Base\\ProtoBufferBase",
        "1": "Assert\\Assertion"
    },
    "extend": "ProtoBufferBase",
    "properties": {
        "0": {
            "required": true,
            "name": "userId",
            "type": "int",
            "comment": "用户UID"
        },
        "1": {
            "required": true,
            "name": "money",
            "type": "string",
            "comment": "金额"
        },
        "2": {
            "required": true,
            "name": "message",
            "type": "string",
            "comment": "资金类型"
        },
        "3": {
            "required": true,
            "name": "note",
            "type": "string",
            "comment": "资金备注"
        },
        "4": {
            "required": false,
            "name": "moneyType",
            "type": "int",
            "comment": "金额类型(0:增加余额1:冻结金额，增加冻结资金同时减少余额2:减少冻结金额)",
            "default": 0
        },
        "5": {
            "required": false,
            "name": "adminId",
            "type": "int",
            "comment": "是否管理员",
            "default": 0
        },
        "6": {
            "required": false,
            "name": "isManage",
            "type": "int",
            "comment": "是否是管理费",
            "default": 0
        },
        "7": {
            "required": false,
            "name": "negative",
            "type": "int",
            "comment": "是否允许负数的用户余额",
            "default": 0
        },
        "8": {
            "required": false,
            "name": "isMoneyAsync",
            "type": "boolean",
            "comment": "是否异步更新用户余额",
            "default": false
        }
    }
}