{
    "author": "zhaohui",
    "comment": "设置用户Tag",
    "namespace": "NCFGroup\\Protos\\Ptp",
    "use": ["NCFGroup\\Common\\Extensions\\Base\\AbstractRequestBase", "Assert\\Assertion"],
    "extend": "AbstractRequestBase",
    "properties": [
        {
            "name": "userId",
            "comment": "用户ID",
            "type": "int",
            "required": false,
            "default":null
        },
        {
            "name": "tagIds",
            "comment": "Tag对应的id",
            "type": "array",
            "required": false,
            "default":null
        },
        {
            "name": "constName",
            "comment": "标签名称",
            "type": "array",
            "required": false,
            "default":null
        }
    ]
}