{
    "author": "yutao",
    "comment": "获得资金记录",
    "namespace": "NCFGroup\\Protos\\Ptp",
    "use": ["NCFGroup\\Common\\Extensions\\Base\\ProtoBufferBase", "Assert\\Assertion"],
    "extend": "ProtoBufferBase",
    "properties": [
        {
            "name": "userId",
            "comment": "用户ID",
            "type": "int",
            "required": true
        },
        {
            "name": "offset",
            "comment": "offset",
            "type": "int",
            "required": false,
            "default": 0
        },
        {
            "name": "count",
            "comment": "count",
            "type": "int",
            "required": false,
            "default": 20
        }
    ]
}

