{
    "namespace": "NCFGroup\\Protos\\Ptp",
    "comment": "用户提交的借款意向",
    "author": "wangge",
    "use": {
        "0": "NCFGroup\\Common\\Extensions\\Base\\AbstractRequestBase",
        "1": "NCFGroup\\Common\\Extensions\\Base\\Pageable",
        "2": "Assert\\Assertion"
    },
    "extend": "AbstractRequestBase",
    "properties": {
        "0": {
            "required": false,
            "name": "inviteCode",
            "type": "string",
            "default": "",
            "comment": "邀请码"
        },
        "1": {
            "required": true,
            "name": "userId",
            "type": "int",
            "comment": "用户id"
        },
        "2": {
            "required": false,
            "name": "money",
            "type": "int",
            "default": 0,
            "comment": "借款金额"
        },
        "3": {
            "required": false,
            "name": "time",
            "type": "int",
            "default": 0,
            "comment": "借款期限"
        },
        "4": {
            "required": false,
            "name": "phone",
            "type": "string",
            "default": "",
            "comment": "联系电话"
        },
        "5": {
            "required": false,
            "name": "addr",
            "type": "string",
            "default": "",
            "comment": "地址"
        },
        "6": {
            "required": false,
            "name": "company",
            "type": "string",
            "default": "",
            "comment": "所在公司"
        },
        "7": {
            "required": false,
            "name": "wl",
            "type": "string",
            "default": "",
            "comment": "工作职级"
        },
        "8": {
            "required": false,
            "name": "code",
            "type": "string",
            "default": "",
            "comment": "借款码"
        }
    }
}
