{
    "namespace": "NCFGroup\\Protos\\Ptp",
    "comment": "查看合同协议",
    "author": "xiaoan",
    "use": {
        "0": "Assert\\Assertion",
        "1": "NCFGroup\\Common\\Extensions\\Base\\AbstractRequestBase"
    },
    "extend": "AbstractRequestBase",
    "properties": {
        "0": {
            "required": true,
            "name": "money",
            "type": "string",
            "comment": "投资金额"
        },
        "1": {
            "required": true,
            "name": "type",
            "type": "int",
            "comment": "合同类型"
        },
        "2": {
            "required": true,
            "name": "id",
            "type": "int",
            "comment": "借款id"
        },
        "3": {
            "required": true,
            "name": "userId",
            "type": "int",
            "comment": "用户id"
        }
    }
}