{
    "author": "wangshijie",
    "comment": "获取劵收益信息",
    "namespace": "NCFGroup\\Protos\\Ptp",
    "use": ["NCFGroup\\Common\\Extensions\\Base\\AbstractRequestBase", "Assert\\Assertion"],
    "extend": "AbstractRequestBase",
    "properties": [
        {
            "name": "userId",
            "comment": "用户ID",
            "type": "int",
            "required": true
        },
        {
            "name": "dealId",
            "comment": "标的ID",
            "type": "int",
            "required": true
        },
        {
            "name": "discountId",
            "comment": "劵ID",
            "type": "int",
            "required": true
        },
        {
            "name": "money",
            "comment": "投资金额",
            "type": "float",
            "required": true
        },
        {
            "name": "siteId",
            "comment": "分站ID",
            "type": "int",
            "required": false,
            "default": "1"
        }
    ]
}

