{
    "namespace": "NCFGroup\\Protos\\Ptp",
    "comment": "优惠码",
    "author": "zhaohui3",
    "use": {
        "0": "NCFGroup\\Common\\Extensions\\Base\\ProtoBufferBase",
        "1": "Assert\\Assertion"
    },
    "extend": "ProtoBufferBase",
    "properties": {
        "0": {
            "required": true,
            "name": "coupon",
            "type": "string",
            "comment": "优惠码"
        },
        "1": {
            "required": true,
            "name": "dealid",
            "type": "string",
            "comment": "订单id"
        },
        "2": {
            "required": false,
            "name": "userId",
            "type": "int",
            "comment": "用户唯一id",
            "default": 0
        },
        "3": {
            "required": false,
            "name": "money",
            "type": "string",
            "comment": "金额",
            "default": "0.00"
        },
        "4": {
            "required": false,
            "name": "type",
            "type": "string",
            "comment": "jijin 为基金,duotou为多投,其他为默认p2p",
            "default": ""
        },
        "5": {
            "required": false,
            "name": "dealLoadId",
            "type": "int",
            "comment": "投资id",
            "default": 0
        },
        "6": {
            "required": false,
            "name": "dealRepayTime",
            "type": "int",
            "comment": "赎回到账时间",
            "default": 0
        },
        "7": {
            "required": false,
            "name": "repayStartTime",
            "type": "int",
            "comment": "起息日",
            "default": 0
        },
        "8": {
            "required": false,
            "name": "siteId",
            "type": "int",
            "comment": "分站Id",
            "default": 1
        }

    }
}
