{
    "author": "zhangzhuyan",
    "comment": "更新红包组过期时间",
    "namespace": "NCFGroup\\Protos\\Ptp",
    "use": ["NCFGroup\\Common\\Extensions\\Base\\AbstractRequestBase", "Assert\\Assertion"],
    "extend": "AbstractRequestBase",
    "properties": [
        {
            "name": "orderID",
            "comment": "订单ID",
            "type": "string",
            "required": true
        },
        {
            "name": "expireTime",
            "comment": "过期时间",
            "type": "int",
            "required": false,
            "default": 0
        }
    ]
}

