{
    "author": "yutao",
    "comment": "理财师客户相关",
    "namespace": "NCFGroup\\Protos\\Ptp",
    "use": ["NCFGroup\\Common\\Extensions\\Base\\ProtoBufferBase", "Assert\\Assertion"],
    "extend": "ProtoBufferBase",
    "properties": [
        {
            "name": "cfpId",
            "comment": "理财师ID",
            "type": "int",
            "required": true
        },
        {
            "name": "customerId",
            "comment": "客户ID",
            "type": "int",
            "required": true
        }
    ]
}

