{
    "namespace": "NCFGroup\\Protos\\Ptp",
    "comment": "投资接口",
    "author": "xiaoan",
    "use": {
        "0": "NCFGroup\\Common\\Extensions\\Base\\AbstractRequestBase",
        "1": "Assert\\Assertion"
    },
    "extend": "AbstractRequestBase",
    "properties": {
        "0": {
            "required": false,
            "name": "id",
            "type": "int",
            "default": 0,
            "comment": "标id"
        },
        "1": {
            "required": true,
            "name": "money",
            "type": "string",
            "comment": "投标金额"
        },
        "2": {
            "required": false,
            "name": "coupon",
            "type": "string",
            "comment": "优惠码",
            "default": ""
        },
        "3": {
            "required": false,
            "name": "source_type",
            "type": "int",
            "comment": "投资来源",
            "default": 0
        },
        "4": {
            "required": false,
            "name": "site_id",
            "type": "int",
            "comment": "站点id",
            "default": 1
        },
        "5": {
            "required": true,
            "name": "userId",
            "type": "int",
            "comment": "用户id"
        },
        "6": {
            "required": false,
            "name": "orderId",
            "type": "string",
            "comment": "第三方订单id(JFB)",
            "default": ""
        },
        "7": {
            "required": false,
            "name": "discountId",
            "type": "int",
            "comment": "投资劵ID",
            "default": ""
        },
        "8": {
            "required": false,
            "name": "discountGroupId",
            "type": "int",
            "comment": "投资劵组ID",
            "default": ""
        },
        "9": {
            "required": false,
            "name": "discountSign",
            "type": "string",
            "comment": "投资劵签名字符串",
            "default": ""
        },
        "10": {
            "required": false,
            "name": "discountGoodprice",
            "type": "string",
            "comment": "投资劵价格",
            "default": ""
        },
        "11": {
            "required": false,
            "name": "ecid",
            "type": "string",
            "default": "",
            "comment": "加密标id"
        },
        "12": {
            "required": false,
            "name": "discountType",
            "type": "int",
            "default": "1",
            "comment": "投资劵类型"
        },
        "13": {
            "required": false,
            "name": "trackId",
            "type": "int",
            "default": "0",
            "comment": "行为跟踪ID"
        },
        "14": {
            "required": false,
            "name": "euid",
            "type": "string",
            "default": "",
            "comment": "渠道信息"
        },
        "15": {
            "required": false,
            "name": "userInfo",
            "type": "array",
            "default": null,
            "comment": "用户信息"
        }


    }
}
