{
    "author": "wangfei",
    "comment": "提现列表",
    "namespace": "NCFGroup\\Protos\\Ptp",
    "use": ["NCFGroup\\Common\\Extensions\\Base\\ProtoBufferBase", "Assert\\Assertion"],
    "extend": "ProtoBufferBase",
    "properties": [
        {
            "name": "userId",
            "comment": "用户ID",
            "type": "int",
            "required": true,
            "default": null
        },
        {
            "name": "pageNum",
            "comment": "页码",
            "type": "int",
            "required": false,
            "default": 0
        },
        {
            "name": "pageSize",
            "comment": "一页大小",
            "type": "int",
            "required": false,
            "default": 0
        }
    ]
}

