{
    "author": "longbo",
    "comment": "用户列表proto",
    "namespace": "NCFGroup\\Protos\\Ptp",
    "use": ["NCFGroup\\Common\\Extensions\\Base\\ProtoBufferBase", "Assert\\Assertion"],
    "extend": "ProtoBufferBase",
    "properties": [
        {
            "name": "pageable",
            "comment": "分页类",
            "type": "\\NCFGroup\\Common\\Extensions\\Base\\Pageable",
            "required": false,
            "default": null 
        },
        {
            "name": "offset",
            "comment": "偏移量",
            "type": "int",
            "required": false,
            "default" : 0
        },
        {
            "name": "count",
            "comment": "数量",
            "type": "int",
            "required": false,
            "default":10
        },
        {
            "name": "siteId",
            "comment": "分站ID",
            "type": "int",
            "required": true
        },
        {
            "name": "isDesensitize",
            "comment": "是否脱敏",
            "type": "int",
            "required": false,
            "default": 1
        },
        {
            "name": "params",
            "comment": "查询参数",
            "type": "array",
            "required": false,
            "default": null 
        }
    ]
}
