{
    "namespace": "NCFGroup\\Protos\\Ptp",
    "comment": "获取佣金列表",
    "author": "wangjiansong@",
    "use": {
        "0": "NCFGroup\\Common\\Extensions\\Base\\AbstractRequestBase",
        "1": "NCFGroup\\Common\\Extensions\\Base\\Pageable",
        "2": "Assert\\Assertion"
    },
    "extend": "AbstractRequestBase",
    "properties": {
        "0": {
            "required": true,
            "name": "pageable",
            "type": "\\NCFGroup\\Common\\Extensions\\Base\\Pageable",
            "comment": "分页类"
        },
        "1": {
            "required": true,
            "name": "cfpId",
            "type": "int",
            "comment": "理财师ID"
        },
        "2": {
            "required": false,
            "name": "userId",
            "type": "int",
            "comment": "客户ID",
            "default": 0
        },
        "3": {
            "required": false,
            "name": "skeyDt",
            "type": "string",
            "comment": "日期筛选(2015-01-01,2015-02-01)",
            "default": ""
        },
        "4": {
            "required": false,
            "name": "skeySt",
            "type": "int",
            "comment": "状态(0-为未返，1-为已返，其余为所有)",
            "default": -1
        },
        "5": {
            "required": false,
            "name": "skeyUser",
            "type": "string",
            "comment": "客户姓名或者手机号",
            "default": ""
        },
        "6": {
            "required": false,
            "name": "skeyDealName",
            "type": "string",
            "comment": "项目名称",
            "default": ""
        },
        "7": {
            "required": false,
            "name": "calProfit",
            "type": "int",
            "comment": "返回接口是否计算用户的总佣金情况。默认0不计算，1计算",
            "default": 0
        }
    }
}