{
    "namespace": "NCFGroup\\Protos\\Ptp",
    "comment": "获取客户列表",
    "author": "wangjiansong",
    "use": {
        "0": "NCFGroup\\Common\\Extensions\\Base\\AbstractRequestBase",
        "1": "Assert\\Assertion"
    },
    "extend": "AbstractRequestBase",
    "properties": {
        "0": {
            "required": true,
            "name": "type",
            "type": "int",
            "comment": "投资分析类别，0当前分析，1总体分析"
        },
        "1": {
            "required": true,
            "name": "cfpId",
            "type": "int",
            "comment": "理财师ID"
        },
        "2": {
            "required": true,
            "name": "userId",
            "type": "int",
            "comment": "客户ID"
        }
    }
}