{
    "author": "liguizhi",
    "comment": "触发o2o礼券",
    "namespace": "NCFGroup\\Protos\\Ptp",
    "use": ["NCFGroup\\Common\\Extensions\\Base\\AbstractRequestBase", "Assert\\Assertion"],
    "extend": "AbstractRequestBase",
    "properties": [
        {
            "name": "userId",
            "comment": "用户ID",
            "type": "int",
            "required": true
        },
        {
            "name": "action",
            "comment": "触发行为:首投,复投...",
            "type": "int",
            "required": true
        },
        {
            "name": "dealLoadId",
            "comment": "交易ID",
            "type": "int",
            "required": true
        },
        {
            "name": "siteId",
            "comment": "站点ID",
            "type": "int",
            "required": false,
            "default": "1"
        },
        {
            "name": "money",
            "comment": "交易金额",
            "type": "string",
            "required": false,
            "default": "0"
        },
        {
            "name": "annualizedAmount",
            "comment": "年化交易额",
            "type": "string",
            "required": false,
            "default": "0"
        },
        {
            "name": "consumeType",
            "comment": "业务类型:1-p2p交易,2-智多鑫交易,3-智多鑫订单,4-优长金,5-黄金订单,6-优金宝,7-随心约,8-充值,9-速贷",
            "type": "int",
            "required": false,
            "default": "1"
        },
        {
            "name": "triggerType",
            "comment": "触发业务:1-p2p业务,2-智多鑫业务,3-黄金业务,4-随心约业务,5-速贷业务",
            "type": "int",
            "required": false,
            "default": "1"
        },
        {
            "name": "extra",
            "comment": "附加信息",
            "type": "array",
            "required": false,
            "default":null
        }
    ]
}

