{
    "namespace": "NCFGroup\\Protos\\Ptp",
    "comment": "搜索客户",
    "author": "wangjiansong",
    "use": {
        "0": "NCFGroup\\Common\\Extensions\\Base\\AbstractRequestBase",
        "1": "Assert\\Assertion"
    },
    "extend": "AbstractRequestBase",
    "properties": {
        "0": {
            "required": false,
            "name": "cfpId",
            "type": "int",
            "comment": "理财师ID",
            "default": 0
        },
        "1": {
            "required": true,
            "name": "type",
            "type": "int",
            "comment": "搜索条件类别"
        },
        "2": {
            "required": false,
            "name": "skey",
            "type": "string",
            "comment": "搜索关键词",
            "default": "0"
        },
        "3": {
            "required": false,
            "name": "bidRepayDayMin",
            "type": "int",
            "comment": "回款时间最小值",
            "default": 0
        },
        "4": {
            "required": false,
            "name": "bidRepayDayMax",
            "type": "int",
            "comment": "回款时间最大值",
            "default": 0
        },
        "5": {
            "required": false,
            "name": "bidYearrate",
            "type": "int",
            "comment": "检索条件投资收益",
            "default": 0
        },
        "6": {
            "required": false,
            "name": "bidRepayLimitTime",
            "type": "int",
            "comment": "检索条件投资期限",
            "default": 0
        },
        "7": {
            "required": false,
            "name": "benefitMoneyMin",
            "type": "int",
            "comment": "检索条件最小佣金收入",
            "default": 0
        },
        "8": {
            "required": false,
            "name": "benefitMoneyMax",
            "type": "int",
            "comment": "检索条件最大佣金收入",
            "default": 0
        },
        "9": {
            "required": true,
            "name": "pageable",
            "type": "\\NCFGroup\\Common\\Extensions\\Base\\Pageable",
            "comment": "分页类"
        }
    }
}