{
    "author": "wangjiansong",
    "comment": "客户备注",
    "namespace": "NCFGroup\\Protos\\Ptp",
    "use": ["NCFGroup\\Common\\Extensions\\Base\\AbstractRequestBase", "Assert\\Assertion"],
    "extend": "AbstractRequestBase",
    "properties": [
        {
            "name": "userId",
            "comment": "理财师ID",
            "type": "int",
            "required": true
        },
        {
            "name": "customerId",
            "comment": "客户ID",
            "type": "int",
            "required": true
        },
        {
            "name": "memo",
            "comment": "备注",
            "type": "string",
            "required": true
        }
    ]
}

