{
  "author": "yanbingrong<yanbingrong@ucfgroup.com>",
  "comment": "领取特定规则id下的投资券",
  "namespace": "NCFGroup\\Protos\\Ptp",
  "use": ["NCFGroup\\Common\\Extensions\\Base\\AbstractRequestBase", "Assert\\Assertion"],
  "extend": "AbstractRequestBase",
  "properties": [
    {
      "name": "userId",
      "comment": "用户ID",
      "type": "int",
      "required": true
    },
    {
      "name": "discountRuleId",
      "comment": "投资券规则id",
      "type": "int",
      "required": true
    },
    {
      "name": "token",
      "comment": "券码唯一token",
      "type": "string",
      "required": true
    },
    {
      "name": "bidAmount",
      "comment": "起投金额",
      "type": "float",
      "required": false,
      "default": 0
    },
    {
      "name": "bidDayLimit",
      "comment": "起投期限",
      "type": "int",
      "required": false,
      "default": 0
    },
    {
      "name": "remark",
      "comment": "领取备注",
      "type": "string",
      "required": false,
      "default": ""
    },
    {
      "name": "dealLoadId",
      "comment": "交易id",
      "type": "int",
      "required": false,
      "default": 0
    },
    {
      "name": "rebateAmount",
      "comment": "返利金额，覆盖投资券的金额配置",
      "type": "float",
      "required": false,
      "default": 0
    },
    {
      "name": "rebateLimit",
      "comment": "返利期限，覆盖投资券的期限配置",
      "type": "int",
      "required": false,
      "default": 0
    }
  ]
}
