{
    "author": "yutao",
    "comment": "标项目详情",
    "namespace": "NCFGroup\\Protos\\Ptp",
    "use": ["NCFGroup\\Common\\Extensions\\Base\\ProtoBufferBase", "Assert\\Assertion"],
    "extend": "ProtoBufferBase",
    "properties": [
        {
            "name": "dealId",
            "comment": "标项目ID",
            "type": "int",
            "required": true,
            "default": null
        },
        {
            "name": "userId",
            "comment": "用户ID",
            "type": "int",
            "required": false,
            "default": ""
        },
        {
            "name": "forbidDealStatus",
            "comment": "forbidDealStatus",
            "type": "array",
            "required": false,
            "default": null
        },
        {
            "name": "dealLoanSize",
            "comment": "投资记录首页记录数",
            "type": "int",
            "required": false,
            "default": 0
        }
    ]
}

