{
    "namespace": "NCFGroup\\Protos\\Ptp;",
    "comment": "投资确认",
    "author": "xiaoan",
    "use": {
        "0": "NCFGroup\\Common\\Extensions\\Base\\AbstractRequestBase",
        "1": "Assert\\Assertion"
    },
    "extend": "AbstractRequestBase",
    "properties": {
        "0": {
            "required": false,
            "name": "id",
            "type": "int",
            "default": 0,
            "comment": "标id"
        },
        "1": {
            "required": true,
            "name": "money",
            "type": "string",
            "comment": "投资金额"
        },
        "2": {
            "required": true,
            "name": "userId",
            "type": "int",
            "comment": "用户id"
        },
        "3": {
            "required": true,
            "name": "userMoney",
            "type": "string",
            "comment": "用户余额"
        },
        "4": {
            "required": true,
            "name": "code",
            "type": "string",
            "comment": "优惠码"
        },
        "5": {
            "required": false,
            "name": "siteId",
            "type": "string",
            "comment": "分站ID",
            "default": "1"
        },
        "6": {
            "required": false,
            "name": "ecid",
            "type": "string",
            "default": "",
            "comment": "加密标id"
        }
    }
}
