{
    "author": "longbo",
    "comment": "用户重置密码proto",
    "namespace": "NCFGroup\\Protos\\Ptp",
    "use": ["NCFGroup\\Common\\Extensions\\Base\\ProtoBufferBase", "Assert\\Assertion"],
    "extend": "ProtoBufferBase",
    "properties": [
        {
            "name": "siteId",
            "comment": "分站ID",
            "type": "int",
            "required": true
        },
        {
            "name": "userId",
            "comment": "UserID",
            "type": "int",
            "required": true
        },
        {
            "name": "password",
            "comment": "新密码",
            "type": "string",
            "required": true
        },
        {
            "name": "confirmPassword",
            "comment": "确认密码",
            "type": "string",
            "required": true
        }
    ]
}
