{
    "author": "milining",
    "comment": "根据用户ID列表，或者手机列表获取用户信息,Open使用",
    "namespace": "NCFGroup\\Protos\\Ptp",
    "use": ["NCFGroup\\Common\\Extensions\\Base\\AbstractRequestBase", "Assert\\Assertion"],
    "extend": "AbstractRequestBase",
    "properties": [
        {
            "name": "userIdList",
            "comment": "用户ID列表",
            "type": "string",
            "required": false,
            "default": ""
        },
        {
            "name": "mobileList",
            "comment": "手机号码列表",
            "type": "string",
            "required": false,
            "default": ""
        }

    ]
}

