{
    "author": "yutao",
    "comment": "用户登录接口",
    "namespace": "NCFGroup\\Protos\\Ptp",
    "use": ["NCFGroup\\Common\\Extensions\\Base\\AbstractRequestBase", "Assert\\Assertion"],
    "extend": "AbstractRequestBase",
    "properties": [
        {
            "name": "account",
            "comment": "用户名",
            "type": "string",
            "required": true
        },
        {
            "name": "password",
            "comment": "密码",
            "type": "string",
            "required": true
        },
        {
            "name": "verify",
            "comment": "验证码",
            "type": "string",
            "required": false,
            "default": ""
        }
    ]
}

