{
    "author": "quanhengzhuang",
    "comment": "单个用户推送接口",
    "namespace": "NCFGroup\\Protos\\Ptp",
    "use": ["NCFGroup\\Common\\Extensions\\Base\\AbstractRequestBase", "Assert\\Assertion"],
    "extend": "AbstractRequestBase",
    "properties": [
        {
            "name": "appId",
            "comment": "应用Id(网信理财1)",
            "type": "int",
            "required": true
        },
        {
            "name": "appUserId",
            "comment": "应用userId",
            "type": "int",
            "required": true
        },
        {
            "name": "content",
            "comment": "消息内容",
            "type": "string",
            "required": true
        },
        {
            "name": "badge",
            "comment": "角标",
            "type": "int",
            "required": false,
            "default": 0
        },
        {
            "name": "params",
            "comment": "附加参数",
            "type": "array",
            "required": false,
            "default": []
        }
    ]
}
