{
    "namespace": "NCFGroup\\Protos\\Ptp",
    "comment": "第三方交互-投资接口请求定义",
    "author": "guofeng3",
    "use": {
        "0": "NCFGroup\\Common\\Extensions\\Base\\ProtoBufferBase",
        "1": "Assert\\Assertion"
    },
    "extend": "ProtoBufferBase",
    "properties": {
        "0": {
            "required": true,
            "name": "merchantId",
            "type": "int",
            "comment": "商户ID"
        },
        "1": {
            "required": true,
            "name": "userId",
            "type": "int",
            "comment": "用户ID"
        },
        "2": {
            "required": true,
            "name": "merchantNo",
            "type": "string",
            "comment": "商户编号"
        },
        "3": {
            "required": true,
            "name": "outOrderId",
            "type": "string",
            "comment": "第三方付款单号"
        },
        "4": {
            "required": true,
            "name": "amount",
            "type": "int",
            "comment": "用户认筹金额，单位：分"
        },
        "5": {
            "required": true,
            "name": "case",
            "type": "string",
            "comment": "交易事由,交易简单描述"
        }
    }
}