{
    "author": "longbo",
    "comment": "用户ReqeustUpdate",
    "namespace": "NCFGroup\\Protos\\Ptp",
    "use": ["NCFGroup\\Common\\Extensions\\Base\\AbstractRequestBase", "Assert\\Assertion"],
    "extend": "AbstractRequestBase",
    "properties": [
        {
            "name": "userId",
            "comment": "用户ID",
            "type": "int",
            "required": true
        },
        {
            "name": "siteId",
            "comment": "分站",
            "type": "int",
            "required": true
        },
        {
            "name": "updateData",
            "comment": "更新数据",
            "type": "array",
            "required": true
        }
    ]
}

