{
    "author": "wangshijie",
    "comment": "已投项目详情",
    "namespace": "NCFGroup\\Protos\\Ptp",
    "use": ["NCFGroup\\Common\\Extensions\\Base\\AbstractRequestBase", "Assert\\Assertion"],
    "extend": "AbstractRequestBase",
    "properties": [
        {
            "name": "loadId",
            "comment": "投资ID",
            "type": "int",
            "required": true
        },
        {
            "name": "dealLoanSize",
            "comment": "投资记录首页记录数",
            "type": "int",
            "required": false,
            "default": 0
        }
    ]
}

