{
    "author": "wangshijie",
    "comment": "用户发送的红包列表",
    "namespace": "NCFGroup\\Protos\\Ptp",
    "use": ["NCFGroup\\Common\\Extensions\\Base\\AbstractRequestBase", "Assert\\Assertion"],
    "extend": "AbstractRequestBase",
    "properties": [
        {
            "name": "userId",
            "comment": "用户ID",
            "type": "int",
            "required": true
        },
        {
            "name": "page",
            "comment": "页码",
            "type": "int",
            "required": false,
            "default": "1"
        },
        {
            "name": "count",
            "comment": "分页个数",
            "type": "int",
            "required": false,
            "default": "10"
        }
    ]
}

