{
    "author": "yutao",
    "comment": "获得地区银行列表",
    "namespace": "NCFGroup\\Protos\\Ptp",
    "use": ["NCFGroup\\Common\\Extensions\\Base\\ProtoBufferBase", "Assert\\Assertion"],
    "extend": "ProtoBufferBase",
    "properties": [
        {
            "name": "city",
            "comment": "城市",
            "type": "string",
            "required": true
        },
        {
            "name": "province",
            "comment": "省份",
            "type": "string",
            "required": false,
            "default": ""
        },
        {
            "name": "bank",
            "comment": "银行",
            "type": "string",
            "required": true
        }
    ]
}

