{
    "author": "wangjiansong",
    "comment": "用户Reqeust",
    "namespace": "NCFGroup\\Protos\\Ptp",
    "use": ["NCFGroup\\Common\\Extensions\\Base\\AbstractRequestBase", "Assert\\Assertion"],
    "extend": "AbstractRequestBase",
    "properties": [
        {
            "name": "cfpId",
            "comment": "理财师ID",
            "type": "int",
            "required": true
        },
        {
            "name": "userId",
            "comment": "用户ID",
            "type": "int",
            "required": true
        },
        {
            "name": "userName",
            "comment": "用户名",
            "type": "string",
            "required": false,
            "default": ""
        },
        {
            "name": "mobile",
            "comment": "手机号码",
            "type": "string",
            "required": false,
            "default": ""
        },
        {
            "name": "isDesensitize",
            "comment": "是否脱敏",
            "type": "int",
            "required": false,
            "default": 1
        },
        {
            "name": "siteId",
            "comment": "site ID",
            "type": "int",
            "required": false,
            "default": null 
        },
        {
            "name": "isEditableInfo",
            "comment": "是否是可编辑的信息",
            "type": "int",
            "required": false,
            "default": 0 
        }


    ]
}

