{
    "namespace": "NCFGroup\\Protos\\Ptp",
    "comment": "提现接口",
    "author": "xiaoan",
    "use": {
        "0": "NCFGroup\\Common\\Extensions\\Base\\AbstractRequestBase",
        "1": "Assert\\Assertion"
    },
    "extend": "AbstractRequestBase",
    "properties": {
        "0": {
            "required": true,
            "name": "userId",
            "type": "int",
            "comment": " 用户id"
        },
        "1": {
            "required": true,
            "name": "money",
            "type": "string",
            "comment": " 提现金额"
        },
        "2": {
            "required": true,
            "name": "os",
            "type": "int",
            "comment": "客户端2android,3ios"
        },
        "3": {
            "required": true,
            "name": "bankCardId",
            "type": "string",
            "comment": "银行卡号"
        },
        "4": {
            "name": "sign",
            "comment": "签名",
            "type": "string",
            "required": true
        },
        "5": {
            "name": "timestamp",
            "comment": "时间戳",
            "type": "string",
            "required": true
        },
        "6": {
            "name": "clientID",
            "comment": "客户端ID",
            "type": "string",
            "required": true
        }
    }
}
