{
    "namespace": "NCFGroup\\Protos\\Ptp",
    "comment": "已投项目查看合同",
    "author": "xiaoan",
    "use": {
        "0": "NCFGroup\\Common\\Extensions\\Base\\AbstractRequestBase",
        "1": "Assert\\Assertion"
    },
    "extend": "AbstractRequestBase",
    "properties": {
        "0": {
            "required": true,
            "name": "id",
            "type": "int",
            "comment": "合同id"
        },
        "1": {
            "required": true,
            "name": "userId",
            "type": "int",
            "comment": "用户id"
        },
        "2": {
            "required": true,
            "name": "userName",
            "type": "string",
            "comment": "用户名称"
        },
        "3": {
            "required": true,
            "name": "dealId",
            "type": "int",
            "comment": "标的ID"
        }
    }
}