{
    "author": "luzhengshuai",
    "comment": "发送站内信并推送",
    "namespace": "NCFGroup\\Protos\\Ptp",
    "use": ["NCFGroup\\Common\\Extensions\\Base\\AbstractRequestBase", "Assert\\Assertion"],
    "extend": "AbstractRequestBase",
    "properties": [
        {
            "name": "userId",
            "comment": "用户ID",
            "type": "int",
            "required": true,
            "default": 0
        },
        {
            "name": "type",
            "comment": "消息类型",
            "type": "int",
            "required": true
        },
        {
            "name": "title",
            "comment": "标题",
            "type": "string",
            "required": true
        },
        {
            "name": "content",
            "comment": "消息内容",
            "type": "string",
            "required": true
        },
        {
            "name": "batchUserIds",
            "comment": "批量用户ID",
            "type": "array",
            "required": false,
            "default": null
        }

    ]
}
