{
    "author": "liguizhi",
    "comment": "o2o:向用户直推券",
    "namespace": "NCFGroup\\Protos\\Ptp",
    "use": ["NCFGroup\\Common\\Extensions\\Base\\ProtoBufferBase", "Assert\\Assertion"],
    "extend": "ProtoBufferBase",
    "properties": [
        {
            "name": "appToken",
            "comment": "业务token[勋章or其他应用]",
            "type": "string",
            "required": true
        },
        {
            "name": "userId",
            "comment": "网信用户id",
            "type": "string",
            "required": true
        },
        {
            "name": "groupIds",
            "comment": "券组编号",
            "type": "array",
            "required": true
        }
    ]
}
