{
    "namespace": "NCFGroup\\Protos\\Ptp",
    "comment": "提现接口",
    "author": "xiaoan",
    "use": {
        "0": "NCFGroup\\Common\\Extensions\\Base\\AbstractRequestBase",
        "1": "Assert\\Assertion"
    },
    "extend": "AbstractRequestBase",
    "properties": {
        "0": {
            "required": true,
            "name": "userId",
            "type": "int",
            "comment": " 用户id"
        },
        "1": {
            "required": true,
            "name": "money",
            "type": "string",
            "comment": " 提现金额"
        },
        "2": {
            "required": true,
            "name": "os",
            "type": "int",
            "comment": "客户端2android,3ios"
        }
    }
}