{
    "author": "jinhaidong",
    "comment": "多投转账service",
    "namespace": "NCFGroup\\Protos\\Ptp",
    "use": ["NCFGroup\\Common\\Extensions\\Base\\AbstractRequestBase", "Assert\\Assertion"],
    "extend": "AbstractRequestBase",
    "properties": [
        {
            "name": "userId",
            "comment": "用户ID",
            "type": "int",
            "required": false,
            "default":0
        },
        {
            "name": "token",
            "comment": "token",
            "type": "string",
            "required": true
        },
        {
            "name": "type",
            "comment": "转账类型",
            "type": "int",
            "required": false,
            "default" : 0
        },
        {
            "name": "money",
            "comment": "转账金额",
            "type": "float",
            "required": false,
            "default":0.00
        },
        {
            "name": "fee",
            "comment": "管理费用、需要和转账金额在一个事务中的",
            "type": "float",
            "required": false,
            "default" : 0.00
        },
        {
            "name": "manageId",
            "comment": "管理方ID",
            "type": "int",
            "required": false,
            "default" : 0
        },
        {
            "name": "dealId",
            "comment": "多投标的ID",
            "type": "string",
            "required": false,
            "default" : 0
        },
        {
            "name": "dealName",
            "comment": "多投标的名称",
            "type": "string",
            "required": false,
            "default" : 0
        },
        {
            "name": "minLoanMoney",
            "comment": "起投金额",
            "type": "string",
            "required": false,
            "default" : 0
        },
        {
            "name": "holdDays",
            "comment": "持有天数",
            "type": "string",
            "required": false,
            "default" : 0
        },
        {
            "name": "dealLoanId",
            "comment": "多投宝投资记录ID",
            "type": "string",
            "required": false,
            "default" : 0
        }
    ]
}