{
    "author": "yutao",
    "comment": "标项目详情",
    "namespace": "NCFGroup\\Protos\\Ptp",
    "use": ["NCFGroup\\Common\\Extensions\\Base\\ProtoBufferBase", "Assert\\Assertion"],
    "extend": "ProtoBufferBase",
    "properties": [
        {
            "name": "sort",
            "comment": "排序顺序",
            "type": "int",
            "required": false,
            "default": 0
        },
        {
            "name": "cfpId",
            "comment": "理财师ID",
            "type": "int",
            "required": true
        },
        {
            "name": "type",
            "comment": "排序类型",
            "type": "int",
            "required": false,
            "default": 0
        },
        {
            "name": "count",
            "comment": "数量",
            "type": "int",
            "required": false,
            "default": 10
        },
        {
            "name": "offset",
            "comment": "便宜量",
            "type": "int",
            "required": false,
            "default": 0
        }
    ]
}

