{
    "author": "wangshijie",
    "comment": "用户可用劵个数",
    "namespace": "NCFGroup\\Protos\\Ptp",
    "use": ["NCFGroup\\Common\\Extensions\\Base\\AbstractRequestBase", "Assert\\Assertion"],
    "extend": "AbstractRequestBase",
    "properties": [
        {
            "name": "userId",
            "comment": "用户ID",
            "type": "int",
            "required": true
        },
        {
            "name": "dealId",
            "comment": "标ID",
            "type": "int",
            "required": true
        },
        {
            "name": "siteId",
            "comment": "分站ID",
            "type": "int",
            "required": false,
            "default": "1"
        }
    ]
}

