{
    "author": "yutao",
    "comment": "标列表接口",
    "namespace": "NCFGroup\\Protos\\Ptp",
    "use": ["NCFGroup\\Common\\Extensions\\Base\\ProtoBufferBase", "Assert\\Assertion"],
    "extend": "ProtoBufferBase",
    "properties": [
        {
            "name": "userId",
            "comment": "用户ID",
            "type": "int",
            "required": true
        },
        {
            "name": "offset",
            "comment": "分页",
            "type": "int",
            "required": false,
            "default": 0
        },
        {
            "name": "count",
            "comment": "每页显示",
            "type": "int",
            "required": false,
            "default": 10
        },
        {
            "name": "status",
            "comment": "类型",
            "type": "int",
            "required": false,
            "default": 0
        }
    ]
}

