{
    "author": "quanhengzhuang",
    "comment": "用户设备签入接口",
    "namespace": "NCFGroup\\Protos\\Ptp",
    "use": ["NCFGroup\\Common\\Extensions\\Base\\AbstractRequestBase", "Assert\\Assertion"],
    "extend": "AbstractRequestBase",
    "properties": [
        {
            "name": "appId",
            "comment": "应用Id(网信理财1)",
            "type": "int",
            "required": true
        },
        {
            "name": "appUserId",
            "comment": "应用userId",
            "type": "int",
            "required": true
        },
        {
            "name": "appVersion",
            "comment": "客户端版本(3.0)",
            "type": "string",
            "required": true
        },
        {
            "name": "baiduUserId",
            "comment": "百度UserId",
            "type": "string",
            "required": true
        },
        {
            "name": "baiduChannelId",
            "comment": "百度ChannelId",
            "type": "string",
            "required": true
        },
        {
            "name": "osType",
            "comment": "系统类型(IOS/Android)",
            "type": "int",
            "required": true
        },
        {
            "name": "osVersion",
            "comment": "系统版本(8.1.3)",
            "type": "string",
            "required": true
        },
        {
            "name": "model",
            "comment": "设备型号(iPad2/iPhone6/Xiaomi4)",
            "type": "string",
            "required": true
        },
        {
            "name": "apnsToken",
            "comment": "Apple推送Token",
            "type": "string",
            "required": false,
            "default": ""
        }
    ]
}
