{
    "author": "wangjiansong",
    "comment": "获取客户的投资详细记录列表",
    "namespace": "NCFGroup\\Protos\\Ptp",
    "use":["NCFGroup\\Common\\Extensions\\Base\\AbstractRequestBase",                                             "NCFGroup\\Common\\Extensions\\Base\\Pageable", "Assert\\Assertion"],
    "extend": "AbstractRequestBase",
    "properties":[
        {
            "name": "pageable",
            "comment": "分页类",
            "type": "\\NCFGroup\\Common\\Extensions\\Base\\Pageable",
            "required": true
        },
        {
            "name": "cfpId",
            "comment": "理财师ID",
            "type": "int",
            "required": true
        },
        {
            "name": "userId",
            "comment": "客户ID",
            "type": "int",
            "required": false,
            "default" : 0
        }
    ]
}
