{
    "author": "yutao",
    "comment": "标列表接口",
    "namespace": "NCFGroup\\Protos\\Ptp",
    "use": ["NCFGroup\\Common\\Extensions\\Base\\ProtoBufferBase", "Assert\\Assertion"],
    "extend": "ProtoBufferBase",
    "properties": [
        {
            "name": "cate",
            "comment": "cate",
            "type": "int",
            "required": false,
            "default": null
        },
        {
            "name": "page",
            "comment": "分页",
            "type": "int",
            "required": true
        },
        {
            "name": "pageSize",
            "comment": "每页显示",
            "type": "int",
            "required": false,
            "default": 10
        },
        {
            "name": "type",
            "comment": "类型",
            "type": "int",
            "required": false,
            "default": null
        },
        {
            "name": "field",
            "comment": "字段",
            "type": "int",
            "required": true
        },
        {
            "name": "siteId",
            "comment": "分站ID",
            "type": "int",
            "required": true
        },
        {
            "name": "isAllSite",
            "comment": "is_all_site",
            "type": "boolean",
            "required": false,
            "default": false
        },
        {
            "name": "showCrowdSpecific",
            "comment": "是否显示‘特定用户组’的标",
            "type": "boolean",
            "required": false,
            "default": true
        },
        {
            "name": "tagName",
            "comment": "tagNames 逗号分割",
            "type": "string",
            "required": false,
            "default": ""
        },
        {
            "name": "dealListType",
            "comment": "标的列表类型",
            "type": "string",
            "required": false,
            "default": ""
        }
    ]
}

