{
    "author": "yutao",
    "comment": "获得投资记录",
    "namespace": "NCFGroup\\Protos\\Ptp",
    "use": ["NCFGroup\\Common\\Extensions\\Base\\ProtoBufferBase", "Assert\\Assertion"],
    "extend": "ProtoBufferBase",
    "properties": [
        {
            "name": "userId",
            "comment": "用户ID",
            "type": "int",
            "required": true
        },
        {
            "name": "offset",
            "comment": "offset",
            "type": "int",
            "required": false,
            "default": 0
        },
        {
            "name": "count",
            "comment": "count",
            "type": "int",
            "required": false,
            "default": 10
        },
        {
            "name": "status",
            "comment": "status",
            "type": "string",
            "required": false,
            "default": ""
        },
        {
            "name": "compound",
            "comment": "compound",
            "type": "int",
            "required": false,
            "default": 0
        },
        {
            "name": "beginTime",
            "comment": "开始时间",
            "type": "int",
            "required": false,
            "default": 0
        },
        {
            "name": "filterLoantype",
            "comment": "filterLoantype",
            "type": "int",
            "required": false,
            "default": 0
        },
        {
            "name": "endTime",
            "comment": "结束时间",
            "type": "int",
            "required": false,
            "default": 0
        }
    ]
}

