{
    "namespace": "NCFGroup\\Protos\\Ptp",
    "comment": "开发放平台服务",
    "author": "milining",
    "use":[
        "NCFGroup\\Common\\Extensions\\Base\\ProtoBufferBase",
        "Assert\\Assertion"
    ],
    "extend": "ProtoBufferBase",
    "properties": [
        {
            "required": true,
            "name": "userIds",
            "type": "array",
            "comment": "用户id组"
        },
        {
            "required": false,
            "name": "title",
            "type": "string",
            "comment": "发送标题",
            "default": ""
        },
        {
            "required": true,
            "name": "content",
            "type": "string",
            "comment": "发送内容",
            "default": ""
        }
    ]
}
