{
    "namespace": "NCFGroup\\Protos\\Ptp",
    "comment": "用户提交的邀请码信息",
    "author": "wangge",
    "use": {
        "0": "NCFGroup\\Common\\Extensions\\Base\\AbstractRequestBase",
        "1": "NCFGroup\\Common\\Extensions\\Base\\Pageable",
        "2": "Assert\\Assertion"
    },
    "extend": "AbstractRequestBase",
    "properties": {
        "0": {
            "required": true,
            "name": "inviteCode",
            "type": "string",
            "comment": "邀请码"
        }
    }
}
