{
    "namespace": "NCFGroup\\Protos\\Ptp",
    "comment": "资金操作",
    "author": "luzhengshuai@ucfgroup.com",
    "use": ["NCFGroup\\Common\\Extensions\\Base\\ProtoBufferBase", "Assert\\Assertion"],
    "extend": "ProtoBufferBase",
    "properties": [
        {
            "required": true,
            "name": "bizOrderId",
            "comment": "订单号",
            "type": "int"
        },
        {
            "required": true,
            "name": "bizType",
            "comment": "业务类型",
            "type": "int"
        },
        {
            "required": true,
            "name": "bizSubtype",
            "type": "int",
            "comment": "子业务类型"
        },
        {
            "required": true,
            "name": "userId",
            "type": "int",
            "comment": "用户ID"
        },
        {
            "required": true,
            "name": "amount",
            "type": "int",
            "comment": "操作金额"
        },
        {
            "required": true,
            "name": "logInfo",
            "type": "string",
            "comment": "资金记录类型信息, 如充值，担保费"
        },
        {
            "required": true,
            "name": "logNote",
            "type": "string",
            "comment": "资金记录详情信息, 如会员xxx，提现xxx元"
        },
        {
            "required": true,
            "name": "moneyType",
            "type": "int",
            "comment": "资金操作类型"
        },
        {
            "required": true,
            "name": "async",
            "type": "boolean",
            "comment": "资金操作类型",
            "default": false
        },
        {
            "required": false,
            "name": "changeMoneyDealType",
            "type": "int",
            "comment": "资金记录交易类型",
            "default": 0
        }
    ]
}
