{
    "namespace": "NCFGroup\\Protos\\Ptp",
    "comment": "转账",
    "author": "luzhengshuai@ucfgroup.com",
    "use": ["NCFGroup\\Common\\Extensions\\Base\\ProtoBufferBase", "Assert\\Assertion"],
    "extend": "ProtoBufferBase",
    "properties": [
        {
            "required": true,
            "name": "bizOrderId",
            "comment": "订单号",
            "type": "int"
        },
        {
            "required": true,
            "name": "bizType",
            "comment": "业务类型",
            "type": "int"
        },
        {
            "required": true,
            "name": "bizSubtype",
            "type": "int",
            "comment": "子业务类型"
        },
        {
            "required": true,
            "name": "payerId",
            "type": "int",
            "comment": "付款方ID"
        },
        {
            "required": true,
            "name": "receiverId",
            "type": "int",
            "comment": "收款方ID"
        },
        {
            "required": true,
            "name": "amount",
            "type": "int",
            "comment": "转账金额"
        },
        {
            "required": true,
            "name": "transferBizType",
            "type": "int",
            "comment": "转账业务类型"
        },
        {
            "required": true,
            "name": "payerMessage",
            "type": "string",
            "comment": "付款方资金记录类型"
        },
        {
            "required": true,
            "name": "payerNote",
            "type": "string",
            "comment": "付款方资金记录信息"
        },
        {
            "required": true,
            "name": "receiverMessage",
            "type": "string",
            "comment": "收款方资金记录类型"
        },
        {
            "required": true,
            "name": "receiverNote",
            "type": "string",
            "comment": "收款方资金记录信息"
        },
        {
            "required": false,
            "name": "changeMoneyDealType",
            "type": "int",
            "comment": "资金记录交易类型",
            "default": 0
        },
        {
            "required": false,
            "name": "payerMoneyType",
            "type": "int",
            "comment": "出资方资金扣减类型. 默认为余额，冻结传2",
            "default": 0
        },
        {
            "required": false,
            "name": "receiverChangeMoneyAsync",
            "type": "int",
            "comment": "收款方资金操作是否异步",
            "default": false
        }
    ]
}
