{
    "author": "yutao",
    "comment": "oauth认证",
    "namespace": "NCFGroup\\Protos\\Ptp",
    "use": ["NCFGroup\\Common\\Extensions\\Base\\ProtoBufferBase", "Assert\\Assertion"],
    "extend": "ProtoBufferBase",
    "properties": [
        {
            "name": "clientId",
            "comment": "第三方应用ID",
            "type": "string",
            "required": true
        },
        {
            "name": "responseType",
            "comment": "返回类型",
            "type": "string",
            "required": false,
            "default": ""
        },
        {
            "name": "redirectUri",
            "comment": "回调URL",
            "type": "string",
            "required": true
        },
        {
            "name": "state",
            "comment": "state",
            "type": "string",
            "required": false,
            "default": ""
        },
        {
            "name": "scope",
            "comment": "权限范围",
            "type": "string",
            "required": false,
            "default": ""
        },{
            "name": "grantType",
            "comment": "grant类型",
            "type": "string",
            "required": false,
            "default": ""
        },
        {
            "name": "code",
            "comment": "code",
            "type": "string",
            "required": false,
            "default": ""
        },
        {
            "name": "refreshToken",
            "comment": "刷新码",
            "type": "string",
            "required": false,
            "default": ""
        }
        
    ]
}

