{
    "namespace": "NCFGroup\\Protos\\Ptp",
    "comment": "已投项目投资记录列表",
    "author": "zhangzhuyan@",
    "use": [
        "NCFGroup\\Common\\Extensions\\Base\\AbstractRequestBase",
        "Assert\\Assertion",
        "NCFGroup\\Common\\Extensions\\Base\\Pageable"
    ],
    "extend": "AbstractRequestBase",
    "properties": [
        {
            "required": true,
            "name": "pageable",
            "type": "\\NCFGroup\\Common\\Extensions\\Base\\Pageable",
            "comment": "分页类"
        },
        {
            "required": true,
            "name": "loadId",
            "comment": "投资ID",
            "type": "int"
        },
        {
            "required": true,
            "name": "userId",
            "type": "int",
            "comment": "用户ID"
        }
    ]
}
