{
    "author": "zhangzhuyan",
    "comment": "理财师用户买单个红包",
    "namespace": "NCFGroup\\Protos\\Ptp",
    "use": ["NCFGroup\\Common\\Extensions\\Base\\AbstractRequestBase", "Assert\\Assertion"],
    "extend": "AbstractRequestBase",
    "properties": [
        {
            "name": "orderID",
            "comment": "订单ID",
            "type": "string",
            "required": true
        },
        {
            "name": "uids",
            "comment": "用户",
            "type": "array",
            "required": true
        },
        {
            "name": "expireDay",
            "comment": "过期天数",
            "type": "int",
            "required": true
        },
        {
            "name": "senderID",
            "comment": "发送人uid",
            "type": "int",
            "required": true
        },
        {
            "name": "money",
            "comment": "红包金额",
            "type": "float",
            "required": true
        },
        {
            "name": "type",
            "comment": "红包类型",
            "type": "int",
            "required": true
        }
    ]
}
