{
    "author": "wangshijie",
    "comment": "获取用户投资劵列表",
    "namespace": "NCFGroup\\Protos\\Ptp",
    "use": ["NCFGroup\\Common\\Extensions\\Base\\AbstractRequestBase", "Assert\\Assertion"],
    "extend": "AbstractRequestBase",
    "properties": [
        {
            "name": "userId",
            "comment": "用户ID",
            "type": "int",
            "required": true
        },
        {
            "name": "status",
            "comment": "状态",
            "type": "int",
            "required": false,
            "default": "0"
        },
        {
            "name": "page",
            "comment": "页码",
            "type": "int",
            "required": false,
            "default": "1"
        },
        {
            "name": "count",
            "comment": "分页个数",
            "type": "int",
            "required": false,
            "default": "10"
        },
        {
            "name": "siteId",
            "comment": "分站ID",
            "type": "int",
            "required": false,
            "default": "1"
        },
        {
            "name": "type",
            "comment": "劵类型",
            "type": "int",
            "required": false,
            "default": "1"
        }
    ]
}

