{
    "namespace": "NCFGroup\\Protos\\Ptp",
    "comment": "获取客户列表",
    "author": "wangjiansong",
    "use": {
        "0": "NCFGroup\\Common\\Extensions\\Base\\AbstractRequestBase",
        "1": "NCFGroup\\Common\\Extensions\\Base\\Pageable",
        "2": "Assert\\Assertion"
    },
    "extend": "AbstractRequestBase",
    "properties": {
        "0": {
            "required": true,
            "name": "pageable",
            "type": "\\NCFGroup\\Common\\Extensions\\Base\\Pageable",
            "comment": "分页类"
        },
        "1": {
            "required": true,
            "name": "cfpId",
            "type": "int",
            "comment": "理财师ID"
        },
        "2": {
            "required": false,
            "name": "type",
            "type": "int",
            "comment": "客户类型，默认0在投，1空仓，-1或其余表示所有",
            "default": 0
        }
    }
}