{
    "namespace": "NCFGroup\\Protos\\Ptp",
    "comment": "投资记录列表",
    "author": "zhangzhuyan@",
    "use": [
        "NCFGroup\\Common\\Extensions\\Base\\AbstractRequestBase",
        "Assert\\Assertion",
        "NCFGroup\\Common\\Extensions\\Base\\Pageable"
    ],
    "extend": "AbstractRequestBase",
    "properties": [
        {
            "required": true,
            "name": "pageable",
            "type": "\\NCFGroup\\Common\\Extensions\\Base\\Pageable",
            "comment": "分页类"
        },
        {
            "required": true,
            "name": "dealId",
            "type": "int",
            "comment": "标项目ID"
        },
        {
            "name": "forbidDealStatus",
            "comment": "forbidDealStatus",
            "type": "array",
            "required": false,
            "default": null
        },
        {
            "name": "userId",
            "comment": "用户ID",
            "type": "int",
            "required": false,
            "default": ""
        }
    ]
}
