{
    "author": "quanhengzhuang",
    "comment": "用户设备签出接口",
    "namespace": "NCFGroup\\Protos\\Ptp",
    "use": ["NCFGroup\\Common\\Extensions\\Base\\AbstractRequestBase", "Assert\\Assertion"],
    "extend": "AbstractRequestBase",
    "properties": [
        {
            "name": "appId",
            "comment": "应用Id(网信理财1)",
            "type": "int",
            "required": true
        },
        {
            "name": "appUserId",
            "comment": "应用userId",
            "type": "int",
            "required": true
        },
        {
            "name": "baiduChannelId",
            "comment": "百度ChannelId",
            "type": "string",
            "required": true
        }
    ]
}
