{
    "author": "yutao",
    "comment": "获得资金记录",
    "namespace": "NCFGroup\\Protos\\Ptp",
    "use": ["NCFGroup\\Common\\Extensions\\Base\\ProtoBufferBase", "Assert\\Assertion"],
    "extend": "ProtoBufferBase",
    "properties": [
        {
            "name": "userId",
            "comment": "用户ID",
            "type": "int",
            "required": true
        },
        {
            "name": "time",
            "comment": "时间",
            "type": "string",
            "required": false,
            "default": ""
        },
        {
            "name": "type",
            "comment": "类型",
            "type": "string",
            "required": false,
            "default": ""
        },
        {
            "name": "money",
            "comment": "money",
            "type": "string",
            "required": false,
            "default": ""
        },
        {
            "name": "remark",
            "comment": "remark",
            "type": "string",
            "required": false,
            "default": ""
        }
    ]
}

