{
    "author": "longbo",
    "comment": "用户列表proto",
    "namespace": "NCFGroup\\Protos\\Ptp",
    "use": ["NCFGroup\\Common\\Extensions\\Base\\ProtoBufferBase", "Assert\\Assertion"],
    "extend": "ProtoBufferBase",
    "properties": [
        {
            "name": "list",
            "comment": "User列表",
            "type": "array",
            "required": true
        },
        {
            "name": "total",
            "comment": "Total",
            "type": "int",
            "required": false,
            "default" : 0
        },
        {
            "name": "pageNo",
            "comment": "Page Number",
            "type": "int",
            "required": false,
            "default" : 0
        },
        {
            "name": "pageSize",
            "comment": "Page Size",
            "type": "int",
            "required": false,
            "default" : 0
        },
        {
            "name": "offset",
            "comment": "偏移量",
            "type": "int",
            "required": false,
            "default" : 0
        },
        {
            "name": "count",
            "comment": "数量",
            "type": "int",
            "required": false,
            "default":10
        },
        {
            "name": "siteId",
            "comment": "分站ID",
            "type": "int",
            "required": true
        }
    ]
}

