{
    "author": "liguizhi",
    "comment": "vip信息接口",
    "namespace": "NCFGroup\\Protos\\Ptp",
    "use": ["NCFGroup\\Common\\Extensions\\Base\\ProtoBufferBase", "Assert\\Assertion"],
    "extend": "ProtoBufferBase",
    "properties": [
        {
            "name": "gradeName",
            "comment": "会员等级名称",
            "type": "string",
            "required": true
        },
        {
            "name": "imgUrl",
            "comment": "会员等级图标",
            "type": "string",
            "required": true
        },
        {
            "name": "point",
            "comment": "会员积分",
            "type": "int",
            "required": true
        },
        {
            "name": "firstDesc",
            "comment": "升级/降级描述",
            "type": "string",
            "required": true
        },
        {
            "name": "secondDesc",
            "comment": "过期/保级积分描述",
            "type": "string",
            "required": true
        }
    ]
}

