{
    "author": "yutao",
    "comment": "标详情接口",
    "namespace": "NCFGroup\\Protos\\Ptp",
    "use": ["NCFGroup\\Common\\Extensions\\Base\\ProtoBufferBase", "Assert\\Assertion"],
    "extend": "ProtoBufferBase",
    "properties": [
        {
            "name": "dealId",
            "comment": "标项目ID",
            "type": "int",
            "required": true
        },
        {
            "name": "dealInfo",
            "comment": "标项目详情",
            "type": "array",
            "required": true
        },
        {
            "name": "projectIntro",
            "comment": "标项目简介",
            "type": "array",
            "required": false,
            "default": null
        },
        {
            "name": "dealUserInfo",
            "comment": "借款人信息",
            "type": "array",
            "required": false,
            "default": null
        },
        {
            "name": "company",
            "comment": "机构名义贷款信息",
            "type": "array",
            "required": false,
            "default": null
        },
        {
            "name": "loadList",
            "comment": "借款列表",
            "type": "array",
            "required": false,
            "default": null
        },
        {
            "name": "totalPage",
            "comment": "投资列表页数",
            "type": "int",
            "required": false,
            "default": 0
        },
        {
            "name": "isFull",
            "comment": "是否满标",
            "type": "int",
            "required": false,
            "default": 0
        }
    ]
}

