{
    "namespace": "NCFGroup\\Protos\\Ptp",
    "comment": "用户邀请码接口",
    "author": "yutao",
    "use": {
        "0": "NCFGroup\\Common\\Extensions\\Base\\ProtoBufferBase",
        "1": "Assert\\Assertion"
    },
    "extend": "ProtoBufferBase",
    "properties": {
        "0": {
            "required": true,
            "name": "coupon",
            "type": "string",
            "comment": "邀请码"
        },
        "1": {
            "required": true,
            "name": "isNotCode",
            "type": "int",
            "comment": "邀请码有效"
        },
        "2": {
            "required": true,
            "name": "rebateRatio",
            "type": "string",
            "comment": "用户返利"
        },
        "3": {
            "required": true,
            "name": "refererRebateRatio",
            "type": "string",
            "comment": "邀请人返利"
        },
        "4": {
            "required": true,
            "name": "shareContent",
            "type": "string",
            "comment": "分享的内容"
        }
    }
}