{
    "author": "wangfei5",
    "comment": "资金纪录proto",
    "namespace": "NCFGroup\\Protos\\Ptp",
    "use": ["NCFGroup\\Common\\Extensions\\Base\\ProtoBufferBase", "Assert\\Assertion"],
    "extend": "ProtoBufferBase",
    "properties": [
        {
            "name": "list",
            "comment": "资金纪录列表",
            "type": "array",
            "required": true
        },
        {
            "name": "offset",
            "comment": "纪录偏移量",
            "type": "int",
            "required": false,
            "default" : 0
        },
        {
            "name": "count",
            "comment": "纪录数量",
            "type": "int",
            "required": false,
            "default":20
        },
        {
            "name": "logType",
            "comment": "资金记录筛选的类型",
            "type": "array",
            "required": false,
            "default" : null
        }
    ]
}

