{
    "namespace": "NCFGroup\\Protos\\Ptp",
    "comment": "投资确认",
    "author": "xiaoan",
    "use": {
        "0": "NCFGroup\\Common\\Extensions\\Base\\ResponseBase",
        "1": "Assert\\Assertion"
    },
    "extend": "ResponseBase",
    "properties": {
        "0": {
            "required": true,
            "name": "productID",
            "type": "int",
            "comment": "产品ID"
        },
        "1": {
            "required": true,
            "name": "type",
            "type": "int",
            "comment": "类型"
        },
        "2": {
            "required": true,
            "name": "title",
            "type": "string",
            "comment": "标题"
        },
        "3": {
            "required": true,
            "name": "rate",
            "type": "string",
            "comment": "收益率"
        },
        "4": {
            "required": true,
            "name": "timelimit",
            "type": "string",
            "comment": "期限"
        },
        "5": {
            "required": true,
            "name": "total",
            "type": "string",
            "comment": "总额"
        },
        "6": {
            "required": true,
            "name": "avaliable",
            "type": "string",
            "comment": "可投金额"
        },
        "7": {
            "required": true,
            "name": "mini",
            "type": "string",
            "comment": "起投金额"
        },
        "8": {
            "required": true,
            "name": "repayment",
            "type": "string",
            "comment": "还款方式"
        },
        "9": {
            "required": true,
            "name": "stats",
            "type": "int",
            "comment": "状态"
        },
        "10": {
            "required": true,
            "name": "remain",
            "type": "string",
            "comment": "账户余额"
        },
        "11": {
            "required": true,
            "name": "money_loan",
            "type": "string",
            "comment": "默认的投资金额"
        },
        "12": {
            "required": true,
            "name": "expire_rate",
            "type": "string",
            "comment": "预期收益率"
        },
        "13": {
            "required": true,
            "name": "expire_earning",
            "type": "string",
            "comment": "到期收益"
        },
        "14": {
            "required": true,
            "name": "bonus",
            "type": "string",
            "comment": "红包金额"
        },
        "15": {
            "required": true,
            "name": "contract",
            "type": "array",
            "comment": "合同"
        },
        "16": {
            "required": true,
            "name": "couponStr",
            "type": "string",
            "comment": "返填的优惠码"
        },
        "17": {
            "required": true,
            "name": "couponRemark",
            "type": "string",
            "comment": "优惠码描述"
        },
        "18": {
            "required": true,
            "name": "couponIsFixed",
            "type": "int",
            "comment": "是否绑定,1是绑定"
        },
        "19": {
            "required": false,
            "name": "periodRate",
            "type": "float",
            "comment": "期间收益率",
            "default" : 0
        },
        "20": {
            "required": false,
            "name": "dealType",
            "type": "int",
            "comment": "标的类型,0普通  1利滚利标",
            "default" : 0
        },
        "21": {
            "required": false,
            "name": "isBxt",
            "type": "int",
            "comment": "是否专享标",
            "default" : 0
        },
        "22": {
            "required": false,
            "name": "maxRate",
            "type": "string",
            "default" : 0.00,
            "comment": "最大收益率"
        },
        "23": {
            "required": false,
            "name": "dealCrowd",
            "type": "int",
            "default" : 0.00,
            "comment": "投资人群"
        },
        "24": {
            "required": false,
            "name": "loanType",
            "type": "int",
            "default" : 0.00,
            "comment": "还款方式"
        },
        "25": {
            "required": false,
            "name": "discountSwitch",
            "type": "int",
            "default" : 0,
            "comment": "投资劵开关"
        },
        "26": {
            "required": false,
            "name": "typeId",
            "type": "int",
            "default" : 0,
            "comment": "type_id"
        },
        "27": {
            "required": false,
            "name": "productECID",
            "type": "string",
            "default" : "",
            "comment": "产品加密ID"
        },
        "28": {
            "required": false,
            "name": "rebateRatioShow",
            "type": "float",
            "default" : "0.00",
            "comment": "返点比例 "
        },
        "29": {
            "required": false,
            "name": "otherParams",
            "type": "array",
            "default": null,
            "comment": "其他参数"
        },
        "30": {
            "required": false,
            "name": "dealProjectRisk",
            "type": "array",
            "default": null,
            "comment": "项目风险承受能力"
        },
        "31": {
            "required": false,
            "name": "svInfo",
            "type": "array",
            "default": null,
            "comment": "存管相关参数"
        }
    }
}
