{
    "namespace": "NCFGroup\\Protos\\Ptp",
    "comment": "投资分析数据",
    "author": "wangjiansong",
    "use": {
        "0": "NCFGroup\\Common\\Extensions\\Base\\ResponseBase",
        "1": "Assert\\Assertion"
    },
    "extend": "ResponseBase",
    "properties": {
        "0": {
            "required": false,
            "name": "dataPage",
            "type": "\\NCFGroup\\Common\\Extensions\\Base\\Page<ProtoSearchCustomer>",
            "comment": "带翻页的用户列表",
            "default": null
        }
    }
}