{
    "author": "fanjingwen",
    "comment": "更改项目信息中的银行卡账号",
    "namespace": "NCFGroup\\Protos\\Ptp",
    "use": ["NCFGroup\\Common\\Extensions\\Base\\ProtoBufferBase", "Assert\\Assertion"],
    "extend": "ProtoBufferBase",
    "properties": [
        {
            "name": "status",
            "comment": "更新结果",
            "type": "boolean",
            "required": true
        },
        {
            "name": "affectedDealCount",
            "comment": "会受影响的标的数量",
            "type": "int",
            "required": true
        }
    ]
}

