{
    "author": "liguizhi",
    "comment": "o2o:勋章领券",
    "namespace": "NCFGroup\\Protos\\Ptp",
    "use": ["NCFGroup\\Common\\Extensions\\Base\\ProtoBufferBase", "Assert\\Assertion"],
    "extend": "ProtoBufferBase",
    "properties": [
        {
            "name": "resCode",
            "comment": "rpc接口状态",
            "type": "string",
            "required": true
        },
        {
            "name": "errorMsg",
            "comment": "错误信息",
            "type": "string",
            "required": true
        },
        {
            "name": "errorCode",
            "comment": "错误号",
            "type": "string",
            "required": true
        }
    ]
}
