{
    "author": "wangjiansong",
    "comment": "投资分析数据",
    "namespace": "NCFGroup\\Protos\\Ptp",
    "use":["NCFGroup\\Common\\Extensions\\Base\\ResponseBase", "Assert\\Assertion"],
    "extend": "ResponseBase",
    "properties": [
        {
            "name": "totalInvested",
            "comment": "在投总金额",
            "type": "string",
            "required": true
        },
        {
            "name": "details",
            "comment": "数据详情",
            "type": "array",
            "required": true
        }
    ]
}


