{
    "namespace": "NCFGroup\\Protos\\Ptp",
    "comment": "理财师绩效统计日投资客户数",
    "author": "wangjiansong@",
    "use": {
        "0": "Assert\\Assertion",
        "1": "NCFGroup\\Common\\Extensions\\Base\\ResponseBase"
    },
    "extend": "ResponseBase",
    "properties": {
        "0": {
            "required": true,
            "name": "todayInvest",
            "type": "int",
            "comment": "今天投资客户数"
        },
        "1": {
            "required": true,
            "name": "totalCustomers",
            "type": "int",
            "comment": "总客户数"
        },
        "2": {
            "required": false,
            "name": "dayInvestNumDetail",
            "type": "array",
            "comment": "近日投资客户数统计详情",
            "default": []
        },
        "3": {
            "required": false,
            "name": "moneyInvestDetail",
            "type": "array",
            "comment": "理财师下投资分析详情",
            "default": []
        }
    }
}
