{
    "author": "yangqing",
    "comment": "中国信贷投资统计",
    "namespace": "NCFGroup\\Protos\\Ptp",
    "use":["NCFGroup\\Common\\Extensions\\Base\\ResponseBase", "Assert\\Assertion"],
    "extend": "ResponseBase",
    "properties": [
        {
            "name": "totalDealCount",
            "comment": "总投资人数",
            "type": "int",
            "required": true
        },
        {
            "name": "yearDealCount",
            "comment": "今年投资人数",
            "type": "int",
            "required": true
        },
        {
            "name": "monthDealCount",
            "comment": "月投资人数",
            "type": "int",
            "required": true
        },
        {
            "name": "dayDealCount",
            "comment": "日投资人数",
            "type": "int",
            "required": true
        }
    ]
}

