{
    "author": "wangjiansong",
    "comment": "理财师信息",
    "namespace": "NCFGroup\\Protos\\Ptp",
    "use":["NCFGroup\\Common\\Extensions\\Base\\ResponseBase", "Assert\\Assertion"],
    "extend": "ResponseBase",
    "properties": [
        {
            "name": "userId",
            "comment": "用户ID",
            "type": "string",
            "required": true
        },
        {
            "name": "userName",
            "comment": "用户名",
            "type": "string",
            "required": true
        },
        {
            "name": "email",
            "comment": "邮箱",
            "type": "string",
            "required": true
        },
        {
            "name": "realName",
            "comment": "用户真实姓名",
            "type": "string",
            "required": true
        },
        {
            "name": "mobile",
            "comment": "手机号",
            "type": "string",
            "required": true
        },
        {
            "name": "mobileShow",
            "comment": "显示的手机号",
            "type": "string",
            "required": true
        },
        {
            "name": "profitTotal",
            "comment": "总收益",
            "type": "string",
            "required": true
        },
        {
            "name": "beenSettled",
            "comment": "已结算",
            "type": "string",
            "required": true
        },
        {
            "name": "tobeSettled",
            "comment": "未结算",
            "type": "string",
            "required": true
        },
        {
            "name": "customerNum",
            "comment": "客户数",
            "type": "string",
            "required": true
        },
        {
            "name": "investingNum",
            "comment": "在投客户数",
            "type": "string",
            "required": true
        },
        {
            "name": "couponStr",
            "comment": "优惠码",
            "type": "string",
            "required": true
        },
        {
            "name": "couponInfoStr",
            "comment": "优惠码详情",
            "type": "string",
            "required": false,
            "default":""
        }
    ]
}


