{
    "namespace": "NCFGroup\\Protos\\Ptp",
    "comment": "捐赠记录列表",
    "author": "zhangzhuyan@",
    "use": [
        "NCFGroup\\Common\\Extensions\\Base\\ResponseBase",
        "Assert\\Assertion"
    ],
    "extend": "ResponseBase",
    "properties": [
        {
            "required": true,
            "name": "dataPage",
            "type": "\\NCFGroup\\Common\\Extensions\\Base\\Page",
            "comment": "捐赠记录列表"
        },
        {
            "required": true,
            "name": "sum",
            "type": "string",
            "comment": "捐赠总数"
        }
    ]
}
