{
    "namespace": "NCFGroup\\Protos\\Ptp",
    "comment": "资金记录服务化",
    "author": "guofeng3",
    "use": {
        "0": "NCFGroup\\Common\\Extensions\\Base\\ProtoBufferBase",
        "1": "Assert\\Assertion"
    },
    "extend": "ProtoBufferBase",
    "properties": {
        "0": {
            "required": true,
            "name": "respCode",
            "type": "string",
            "comment": "业务响应状态"
        },
        "1": {
            "required": true,
            "name": "respMsg",
            "type": "string",
            "comment": "业务响应消息"
        }
    }
}