{
    "namespace": "NCFGroup\\Protos\\Ptp",
    "comment": "多投查询p2p统计信息service",
    "author": "wangchuanlu",
    "use": {
        "0": "NCFGroup\\Common\\Extensions\\Base\\ResponseBase",
        "1": "Assert\\Assertion"
    },
    "extend": "ResponseBase",
    "properties": {
        "0": {
            "required": false,
            "name": "repayPrincipal",
            "type": "string",
            "comment": "赎回本金",
            "default": "0"
        },
        "1": {
            "required": false,
            "name": "norepayPrincipal",
            "type": "string",
            "comment": "待赎回本金",
            "default": "0"
        },
        "2": {
            "required": false,
            "name": "repayInterest",
            "type": "string",
            "comment": "已付利息",
            "default": "0"
        },
        "3": {
            "required": false,
            "name": "norepayInterest",
            "type": "string",
            "comment": "待付利息",
            "default": "0"
        },
        "4": {
            "required": false,
            "name": "repayEarnings",
            "type": "string",
            "comment": "投资标已收收益",
            "default": "0"
        },
        "5": {
            "required": false,
            "name": "norepayEarnings",
            "type": "string",
            "comment": "投资标待收收益",
            "default": "0"
        },
        "6": {
            "required": false,
            "name": "dayRepayPrincipal",
            "type": "string",
            "comment": "投资标今日还款本金",
            "default": "0"
        }
    }
}