{
    "namespace": "NCFGroup\\Protos\\Ptp",
    "comment": "理财师佣金列表",
    "author": "wangjiansong@",
    "use": {
        "0": "NCFGroup\\Common\\Extensions\\Base\\ResponseBase",
        "1": "Assert\\Assertion"
    },
    "extend": "ResponseBase",
    "properties": {
        "0": {
            "required": true,
            "name": "dataPage",
            "type": "\\NCFGroup\\Common\\Extensions\\Base\\Page<ProtoCfpCommission>",
            "comment": "佣金列表（带翻页）"
        },
        "1": {
            "required": false,
            "name": "beenSettled",
            "type": "string",
            "comment": "搜索结果已返佣金总和",
            "default": ""
        },
        "2": {
            "required": false,
            "name": "tobeSettled",
            "type": "string",
            "comment": "搜索结果未返佣金总和",
            "default": ""
        }
    }
}