{
    "namespace": "NCFGroup\\Protos\\Ptp",
    "comment": "绩效首页数据",
    "author": "wangjiansong@",
    "use": {
        "0": "Assert\\Assertion",
        "1": "NCFGroup\\Common\\Extensions\\Base\\ResponseBase"
    },
    "extend": "ResponseBase",
    "properties": {
        "0": {
            "required": false,
            "name": "totalMoney",
            "type": "float",
            "comment": "今年投资金额",
            "default": 0
        },
        "1": {
            "required": false,
            "name": "totalUsers",
            "type": "int",
            "comment": "今年投资人数",
            "default": 0
        },
        "2": {
            "required": false,
            "name": "avgTotalMoney",
            "type": "float",
            "comment": "年化总额",
            "default": 0
        },
        "3": {
            "required": false,
            "name": "todayProfit",
            "type": "float",
            "comment": "今日佣金",
            "default": 0
        },
        "4": {
            "required": false,
            "name": "profitData",
            "type": "array",
            "comment": "最近60天佣金数据",
            "default": []
        }
    }
}
