{
    "namespace": "NCFGroup\\Protos\\Ptp",
    "comment": "投资接口",
    "author": "xiaoan",
    "use": {
        "0": "NCFGroup\\Common\\Extensions\\Base\\ResponseBase",
        "1": "Assert\\Assertion"
    },
    "extend": "ResponseBase",
    "properties": {
        "0": {
            "required": true,
            "name": "load_id",
            "type": "int",
            "comment": "投资记录id"
        },
        "1": {
            "required": true,
            "name": "deal_name",
            "type": "string",
            "comment": "借款名称"
        },
        "2": {
            "required": true,
            "name": "type_info",
            "type": "string",
            "comment": "借款用途"
        },
        "3": {
            "required": true,
            "name": "income_rate",
            "type": "string",
            "comment": "收益率"
        },
        "4": {
            "required": true,
            "name": "repay_time",
            "type": "string",
            "comment": "借款期限"
        },
        "5": {
            "required": true,
            "name": "loantype_name",
            "type": "string",
            "comment": "还款方式"
        },
        "6": {
            "required": true,
            "name": "borrow_amount",
            "type": "string",
            "comment": "借款金额"
        },
        "7": {
            "required": true,
            "name": "recommendation",
            "type": "string",
            "comment": "推荐语"
        },
        "8": {
            "required": true,
            "name": "bonus_ttl",
            "type": "string",
            "comment": "红包数量"
        },
        "9": {
            "required": true,
            "name": "bonus_url",
            "type": "string",
            "comment": "跳转url"
        },
        "10": {
            "required": true,
            "name": "bonus_title",
            "type": "string",
            "comment": "分享标题"
        },
        "11": {
            "required": true,
            "name": "bonus_content",
            "type": "string",
            "comment": "分享内容"
        },
        "12": {
            "required": true,
            "name": "bonus_face",
            "type": "string",
            "comment": "分享时候的封面图片"
        },
        "13": {
            "required": true,
            "name": "bonus_bid_finished",
            "type": "string",
            "comment": "投标完成时候弹框中内容"
        },
        "14": {
            "required": false,
            "name": "isO2OBonus",
            "type": "int",
            "comment": "是否为o2o包",
            "default": "0"
        },
        "15": {
            "required": false,
            "name": "deal_status",
            "type": "int",
            "comment": "项目状态",
            "default": 0
        },
        "16": {
            "required": false,
            "name": "typeId",
            "type": "int",
            "comment": "借款类别",
            "default": 0
        },
        "17": {
            "required": false,
            "name": "discountPrice",
            "type": "string",
            "comment": "投资劵面值",
            "default": ""
        },
        "18": {
            "required": true,
            "name": "loanType",
            "type": "int",
            "comment": "还款类型",
            "default": "0"
        },
        "19": {
            "required": false,
            "name": "discountType",
            "type": "int",
            "comment": "投资劵类型",
            "default": "1"
        },
        "20": {
            "required": false,
            "name": "o2oCouponCount",
            "type": "int",
            "comment": "可领取礼券数量",
            "default": "0"
        },
        "21": {
            "required": false,
            "name": "o2oCouponTitle",
            "type": "string",
            "comment": "单张礼券时的标题",
            "default": ""
        },
        "22": {
            "required": false,
            "name": "dealProjectRisk",
            "type": "array",
            "comment": "项目风险承受能力和个人评估不一致时弹窗内容",
            "default": null
        },
        "23": {
            "required": false,
            "name": "reportStatus",
            "type": "int",
            "comment": "报备状态",
            "default": ""
        }
    }
}
