{
    "namespace": "NCFGroup\\Protos\\Ptp",
    "comment": "用户邀请码接口",
    "author": "yutao",
    "use": {
        "0": "NCFGroup\\Common\\Extensions\\Base\\ProtoBufferBase",
        "1": "Assert\\Assertion"
    },
    "extend": "ProtoBufferBase",
    "properties": {
        "0": {
            "required": true,
            "name": "coupon",
            "type": "string",
            "comment": "邀请码"
        },
        "1": {
            "required": true,
            "name": "isNotCode",
            "type": "int",
            "comment": "邀请码有效"
        },
        "2": {
            "required": true,
            "name": "rebateRatio",
            "type": "string",
            "comment": "用户返利 "
        },
        "3": {
            "required": true,
            "name": "refererRebateRatio",
            "type": "string",
            "comment": "邀请人返利"
        },
        "4": {
            "required": true,
            "name": "shareContent",
            "type": "string",
            "comment": "分享的内容"
        },
        "5": {
            "required": true,
            "name": "isO2O",
            "type": "int",
            "comment": "是否为O2O"
        },
        "6": {
            "required": true,
            "name": "list",
            "type": "array",
            "comment": "邀请码投资列表"
        },
        "7": {
            "required": true,
            "name": "consumeUserCount",
            "type": "int",
            "comment": "邀请人数"
        },
        "8": {
            "required": true,
            "name": "refererRebateAmount",
            "type": "float",
            "comment": "已返"
        },
        "9": {
            "required": true,
            "name": "refererRebateAmountNo",
            "type": "float",
            "comment": "未返"
        },
        "10": {
            "required": false,
            "name": "canShare",
            "type": "int",
            "comment": "是否可以分享红包",
            "default": 0
        },
        "11": {
            "required": false,
            "name": "bonusTitle",
            "type": "string",
            "comment": "红包分享标题",
            "default": ""
        },
        "12": {
            "required": false,
            "name": "bonusImg",
            "type": "string",
            "comment": "红包分享图片",
            "default": ""
        },
         "13": {
            "required": true,
            "name": "couponModelTypes",
            "type": "array",
            "comment": "邀请码模块列表"
        },
        "14": {
            "required": false,
            "name": "bidMore",
            "type": "int",
            "comment": "投资次数是否为多次",
            "default": "0"
        },
        "15": {
            "required": false,
            "name": "inviteeIsBank",
            "type": "int",
            "comment": "被邀请人是否绑卡",
            "default": "0"
        },
        "16": {
            "required": false,
            "name": "inviteeIsInvest",
            "type": "int",
            "comment": "被邀请人是否投资",
            "default": "0"
        },
        "17": {
            "required": false,
            "name": "inviteeRebateAmount",
            "type": "float",
            "comment": "被邀请人的累计返利",
            "default": "0"
        },
        "18": {
            "required": false,
            "name": "inviteeRebateAmountNo",
            "type": "float",
            "comment": "被邀请人的待返返利",
            "default": "0"
        },
        "19": {
            "required": false,
            "name": "refererRebateMsg",
            "type": "string",
            "comment": "返利文案",
            "default": ""
        }
    }
}
