{
    "author": "yangqing",
    "comment": "中国信贷注册统计",
    "namespace": "NCFGroup\\Protos\\Ptp",
    "use":["NCFGroup\\Common\\Extensions\\Base\\ResponseBase", "Assert\\Assertion"],
    "extend": "ResponseBase",
    "properties": [
        {
            "name": "totalRegCount",
            "comment": "总注册人数",
            "type": "int",
            "required": true
        },
        {
            "name": "yearRegCount",
            "comment": "今年注册人数",
            "type": "int",
            "required": true
        },
        {
            "name": "monthRegCount",
            "comment": "月注册人数",
            "type": "int",
            "required": true
        },
        {
            "name": "dayRegCount",
            "comment": "日注册人数",
            "type": "int",
            "required": true
        }
    ]
}

