{
    "namespace": "NCFGroup\\Protos\\Ptp",
    "comment": "第三方交互-单笔订单查询接口返回定义",
    "author": "郭峰 <guofeng3@ucfgroup.com>",
    "use": {
        "0": "NCFGroup\\Common\\Extensions\\Base\\ProtoBufferBase",
        "1": "Assert\\Assertion"
    },
    "extend": "ProtoBufferBase",
    "properties": {
        "0": {
            "required": true,
            "name": "tradeCount",
            "type": "int",
            "comment": "交易总笔数"
        },
        "1": {
            "required": true,
            "name": "tradeSum",
            "type": "string",
            "comment": "交易总金额"
        },
        "2": {
            "required": true,
            "name": "tradeList",
            "type": "string",
            "comment": "交易列表"
        },
        "3": {
            "required": true,
            "name": "pageNo",
            "type": "int",
            "comment": "当前页号"
        },
        "4": {
            "required": true,
            "name": "respCode",
            "type": "string",
            "comment": "消息提示码"
        },
        "5": {
            "required": false,
            "name": "respMsg",
            "type": "string",
            "comment": "消息提示信息",
            "default": ""
        }
    }
}