{
    "namespace": "NCFGroup\\Protos\\Ptp",
    "comment": "邀请码信息接口",
    "author": "wangge",
    "use": {
        "0": "NCFGroup\\Common\\Extensions\\Base\\ResponseBase",
        "1": "Assert\\Assertion"
    },
    "extend": "ResponseBase",
    "properties": {
        "0": {
            "required": true,
            "name": "rebateRatio",
            "type": "float",
            "comment": "返利点"
        },
        "1": {
            "required": true,
            "name": "referUserId",
            "type": "int",
            "comment": "邀请者Id"
        },
        "2": {
            "required": true,
            "name": "validBegin",
            "type": "string",
            "comment": "开始时间"
        },
        "3": {
            "required": true,
            "name": "validEnd",
            "type": "string",
            "comment": "结束时间"
        }
    }
}
