{
    "namespace": "NCFGroup\\Protos\\Ptp",
    "comment": "理财师投资记录列表",
    "author": "wangfei@",
    "use": {
        "0": "NCFGroup\\Common\\Extensions\\Base\\ResponseBase",
        "1": "Assert\\Assertion"
    },
    "extend": "ResponseBase",
    "properties": {
        "0": {
            "required": true,
            "name": "dataPage",
            "type": "\\NCFGroup\\Common\\Extensions\\Base\\Page<ProtoCfpCommission>",
            "comment": "投资记录列表（带翻页）"
        },
        "1": {
            "required": false,
            "name": "commission",
            "type": "string",
            "comment": "搜索结果佣金总和(已反+未返)",
            "default": ""
        },
        "2": {
            "required": false,
            "name": "investAmount",
            "type": "string",
            "comment": "搜索结果投资额总和",
            "default": ""
        }
    }
}
