{
    "author": "jingxu",
    "comment": "邮件附件",
    "namespace": "NCFGroup\\Protos\\FundGate",
    "use":["NCFGroup\\Common\\Extensions\\Base\\ProtoBufferBase"],
    "extend":"ProtoBufferBase",
    "properties": [
        {
            "name": "fileName",
            "comment": "文件名",
            "type": "string",
            "required": true
        },
        {
            "name": "content",
            "comment": "文件内容",
            "type": "string",
            "required": true
        },
        {
            "name": "type",
            "comment": "文件类型",
            "type": "string",
            "required": false,
            "default": "text/plain"
        }
    ]
}
