{
    "namespace": "NCFGroup\\Protos\\FundGate",
    "comment": "\u5355\u4e2ajob server \u4fe1\u606f",
    "author": "jingxu",
    "use": {
        "0": "NCFGroup\\Common\\Extensions\\Base\\ProtoBufferBase"
    },
    "extend": "ProtoBufferBase",
    "properties": {
        "0": {
            "required": true,
            "name": "ip",
            "type": "string",
            "comment": "\u6b64jobserver ip"
        },
        "1": {
            "required": true,
            "name": "alive",
            "type": "bool",
            "comment": "\u662f\u5426\u6d3b\u7740"
        },
        "2": {
            "required": true,
            "name": "protoJobServerFunArr",
            "type": "array<ProtoJobServerFun>",
            "comment": "job server\u4e2d\u6240\u6ce8\u518c\u7684function"
        },
        "3": {
            "required": true,
            "name": "workeInfoArr",
            "type": "array",
            "comment": "job server \u4e2d\u7684 worker \u4fe1\u606f"
        }
    }
}