{
    "author": "jingxu",
    "comment": "协议",
    "namespace": "NCFGroup\\Protos\\FundGate",
    "use":["NCFGroup\\Common\\Extensions\\Base\\ProtoBufferBase"],
    "extend":"ProtoBufferBase",
    "properties": [
        {
            "name": "id",
            "comment": "id",
            "type": "int",
            "required": true
        },
        {
            "name": "title",
            "comment": "协议标题",
            "type": "string",
            "required": true
        },
        {
            "name": "content",
            "comment": "协议内容",
            "type": "string",
            "required": true
        }
    ]
}
