{
    "namespace": "NCFGroup\\Protos\\FundGate",
    "comment": "可用基金列表",
    "author": "Gu Weigang <guweigang@ucfgroup.com>",
    "use": {
        "0": "NCFGroup\\Common\\Extensions\\Base\\ProtoBufferBase",
        "1": "Assert\\Assertion"
    },
    "extend": "ProtoBufferBase",
    "properties": {
        "0": {
            "required": true,
            "name": "id",
            "type": "int",
            "comment": "基金ID"
        },
        "1": {
            "required": true,
            "name": "code",
            "type": "string",
            "comment": "基金编码"
        },
        "2": {
            "required": true,
            "name": "name",
            "type": "string",
            "comment": "基多名称"
        },
        "3": {
            "required": true,
            "name": "netValue",
            "type": "float",
            "comment": "基金净值"
        },
        "4": {
            "required": true,
            "name": "type",
            "type": "int",
            "comment": "基金类型"
        },
        "5": {
            "required": true,
            "name": "riskLevel",
            "type": "int",
            "comment": "基金风险等级"
        },
        "6": {
            "required": true,
            "name": "weeklyYield",
            "type": "float",
            "comment": "七日年化收益率"
        },
        "7": {
            "required": true,
            "name": "dailyProfit",
            "type": "float",
            "comment": "万份收益"
        },
        "8": {
            "required": true,
            "name": "saleType",
            "type": "int",
            "comment": "售卖类型，1 随买随卖 2 固定期限 3 定期开放"
        },
        "9": {
            "required": true,
            "name": "leastPurchase",
            "type": "int",
            "comment": "起投金额（单位：分）"
        },
        "10": {
            "required": true,
            "name": "leastShare",
            "type": "float",
            "comment": "最低持有份额（单位：份）"
        },
        "11": {
            "required": true,
            "name": "mostPurchase",
            "type": "int",
            "comment": "最多投资金额（单位：分）"
        },
        "12": {
            "required": true,
            "name": "supplymentPurchase",
            "type": "int",
            "comment": "追加金额（单位：分）"
        },
        "13": {
            "required": true,
            "name": "managerCode",
            "type": "string",
            "comment": "基金管理人编码"
        },
        "14": {
            "required": true,
            "name": "vendorId",
            "type": "int",
            "comment": "基金供应商ID"
        },
        "15": {
            "required": true,
            "name": "status",
            "type": "int",
            "comment": "基金状态"
        },
        "16": {
            "required": false,
            "name": "expectedProfit",
            "type": "string",
            "comment": "预期收益率",
            "default": ""
        },
        "17": {
            "required": false,
            "name": "duration",
            "type": "string",
            "comment": "基金投资期限",
            "default": ""
        },
        "18": {
            "required": false,
            "name": "remainShare",
            "type": "float",
            "comment": "基金可购买份额",
            "default": 0
        },
        "19": {
            "required": false,
            "name": "openday",
            "type": "string",
            "comment": "开放日期",
            "default": ""
        },
        "20": {
            "required": false,
            "name": "showStatus",
            "type": "string",
            "comment": "基金原始状态",
            "default": "0"
        },
        "21": {
            "required": false,
            "name": "declareEndDay",
            "type": "string",
            "comment": "截止日期",
            "default": ""
        },
        "22": {
            "required": false,
            "name": "RRInSingleYear",
            "type": "float",
            "comment": "基金单位净值近1年来涨跌幅",
            "default": 0
        },
        "23": {
            "required": false,
            "name": "oneMonthYield",
            "type": "string",
            "comment": "近一个月收益",
            "default": ""
        },
        "24": {
            "required": false,
            "name": "threeMonthYield",
            "type": "string",
            "comment": "近三个月收益",
            "default": ""
        },
        "25": {
            "required": false,
            "name": "halfYearYield",
            "type": "string",
            "comment": "近半年收益",
            "default": ""
        },
        "26": {
            "required": false,
            "name": "oneYearYield",
            "type": "string",
            "comment": "近一年收益",
            "default": ""
        }
    }
}