{
    "namespace": "NCFGroup\\Protos\\FundGate",
    "comment": "向基金公司发起撤单请求",
    "author": "fupingzhou",
    "use": {
        "0": "NCFGroup\\Common\\Extensions\\Base\\AbstractRequestBase"
    },
    "extend": "AbstractRequestBase",
    "properties": {
        "0": {
            "required": true,
            "name": "userId",
            "type": "int",
            "comment": "用户ID"
        },
        "1": {
            "required": true,
            "name": "orderId",
            "type": "string",
            "comment": "订单号"
        },
        "2": {
            "required": false,
            "name": "siteId",
            "type": "int",
            "comment": "分站Id（默认为主站，值为1）",
            "default": 1
        },
        "3": {
            "required": false,
            "name": "appVersion",
            "type": "string",
            "comment": "app版本号",
            "default": ""
        }
    }
}