{
    "namespace": "NCFGroup\\Protos\\FundGate",
    "comment": "用户持仓基金详情",
    "author": "fupingzhou",
    "use": {
        "0": "NCFGroup\\Common\\Extensions\\Base\\AbstractRequestBase"
    },
    "extend": "AbstractRequestBase",
    "properties": {
        "0": {
            "required": true,
            "name": "userId",
            "type": "int",
            "comment": "用户ID"
        },
        "1": {
            "required": true,
            "name": "fundCode",
            "type": "string",
            "comment": "基金代码"
        }
    }
}