{
    "namespace": "NCFGroup\\Protos\\FundGate",
    "comment": "更新视频信息",
    "author": "LiBing <libing10@ucfgroup.com>",
    "use": {
        "0": "NCFGroup\\Common\\Extensions\\Base\\AbstractRequestBase",
        "1": "Assert\\Assertion"
    },
    "extend": "AbstractRequestBase",
    "properties": {
        "0": {
            "required": true,
            "name": "videoId",
            "type": "int",
            "comment": "视频ID"
        },
        "1": {
            "required": true,
            "name": "videoName",
            "type": "string",
            "comment": "视频名"
        },
        "2": {
            "required": true,
            "name": "videoUrl",
            "type": "string",
            "comment": "视频链接"
        },
        "3": {
            "required": true,
            "name": "videoImage",
            "type": "string",
            "comment": "视频图片链接"
        },
        "4": {
            "required": true,
            "name": "videoChannelName",
            "type": "string",
            "comment": "视频频道名"
        },
        "5": {
            "required": true,
            "name": "videoDatetime",
            "type": "string",
            "comment": "视频发布时间"
        },
        "6": {
            "required": true,
            "name": "authorId",
            "type": "int",
            "comment": "作者ID"
        }
    }
}