{
    "author": "jingxu",
    "comment": "把协议添加到fund",
    "namespace": "NCFGroup\\Protos\\FundGate",
    "use":["NCFGroup\\Common\\Extensions\\Base\\AbstractRequestBase"],
    "extend":"AbstractRequestBase",
    "properties": [
        {
            "name": "fundId",
            "comment": "基金Id",
            "type": "int",
            "required": true
        },
        {
            "name": "contractId",
            "comment": "协议id",
            "type": "int",
            "required": true
        }
    ]
}
