{
    "author": "jingxu",
    "comment": "添加协议",
    "namespace": "NCFGroup\\Protos\\FundGate",
    "use":["NCFGroup\\Common\\Extensions\\Base\\AbstractRequestBase"],
    "extend":"AbstractRequestBase",
    "properties": [
        {
            "name": "title",
            "comment": "协议标题",
            "type": "string",
            "required": true
        },
        {
            "name": "content",
            "comment": "协议内容",
            "type": "string",
            "required": true
        }
    ]
}
