{
    "namespace": "NCFGroup\\Protos\\FundGate",
    "comment": "获取专题基金列表",
    "author": "fupingzhou",
    "use": {
        "0": "NCFGroup\\Common\\Extensions\\Base\\AbstractRequestBase"
    },
    "extend": "AbstractRequestBase",
    "properties": {
        "0": {
            "required": true,
            "name": "id",
            "type": "int",
            "comment": "专题id"
        },
        "1": {
            "required": true,
            "name": "pageable",
            "type": "\\NCFGroup\\Common\\Extensions\\Base\\Pageable",
            "comment": "分页类"
        }
    }
}