{
    "namespace": "NCFGroup\\Protos\\FundGate",
    "comment": "获取公募基金交易费率",
    "author": "fupingzhou",
    "use": {
        "0": "NCFGroup\\Common\\Extensions\\Base\\AbstractRequestBase"
    },
    "extend": "AbstractRequestBase",
    "properties": {
        "0": {
            "required": true,
            "name": "fundCode",
            "type": "string",
            "comment": "基金代码"
        },
        "1": {
            "required": false,
            "name": "sceneType",
            "type": "int",
            "comment": "业务场景类别",
            "default": 0
        }
    }
}