{
    "namespace": "NCFGroup\\Protos\\FundGate",
    "comment": "创建撤单订单",
    "author": "fupingzhou",
    "use": {
        "0": "NCFGroup\\Common\\Extensions\\Base\\AbstractRequestBase"
    },
    "extend": "AbstractRequestBase",
    "properties": {
        "0": {
            "required": true,
            "name": "targetOrderId",
            "type": "string",
            "comment": "目标订单号（即：用户发起申购或赎回时产生的订单号）"
        },
        "1": {
            "required": true,
            "name": "userId",
            "type": "int",
            "comment": "用户id"
        },
        "2": {
            "required": false,
            "name": "siteId",
            "type": "int",
            "comment": "分站Id（默认为主站，值为1）",
            "default": 1
        }
    }
}