{
    "namespace": "NCFGroup\\Protos\\FundGate",
    "comment": "fundcode与userid做参数",
    "author": "jingxu",
    "use": {
        "0": "NCFGroup\\Common\\Extensions\\Base\\AbstractRequestBase"
    },
    "extend": "AbstractRequestBase",
    "properties": {
        "0": {
            "required": true,
            "name": "fundCode",
            "type": "string",
            "comment": "fundCode"
        },
        "1": {
            "required": false,
            "name": "userId",
            "type": "int",
            "comment": "userId",
            "default": null
        }
    }
}