{
    "namespace": "NCFGroup\\Protos\\FundGate",
    "comment": "请求用户已购买基金",
    "author": "chengQ <qicheng@ucfgroup.com>",
    "use": {
        "0": "NCFGroup\\Common\\Extensions\\Base\\AbstractRequestBase",
        "1": "NCFGroup\\Common\\Extensions\\Base\\Pageable",
        "2": "Assert\\Assertion"
    },
    "extend": "AbstractRequestBase",
    "properties": {
        "0": {
            "required": true,
            "name": "pageable",
            "type": "\\NCFGroup\\Common\\Extensions\\Base\\Pageable",
            "comment": "分页类"
        },
        "1": {
            "required": true,
            "name": "userId",
            "type": "string",
            "comment": "用户Id"
        },
        "2": {
            "required": false,
            "name": "type",
            "type": "int",
            "comment": "类型",
            "default": 0
        },
        "3": {
            "required": true,
            "name": "version",
            "type": "int",
            "comment": "版本标识"
        },
        "4": {
            "required": false,
            "name": "appVersion",
            "type": "int",
            "comment": "app版本号",
            "default": 0
        }
    }
}