{
    "namespace": "NCFGroup\\Protos\\FundGate",
    "comment": "传输FundTopic相关数据",
    "author": "libing",
    "use": {
        "0": "NCFGroup\\Common\\Extensions\\Base\\AbstractRequestBase"
    },
    "extend": "AbstractRequestBase",
    "properties": {
        "0": {
            "required": true,
            "name": "id",
            "type": "string",
            "comment": "FundTopic自增主键"
        },
        "1": {
            "required": true,
            "name": "topicName",
            "type": "string",
            "comment": "专题名称"
        },
        "2": {
            "required": true,
            "name": "topicBanner",
            "type": "string",
            "comment": "专题banner"
        },
        "3": {
            "required": true,
            "name": "introduction",
            "type": "string",
            "comment": "专题简介"
        },
        "4": {
            "required": true,
            "name": "status",
            "type": "string",
            "comment": "是否上线"
        },
        "5": {
            "required": true,
            "name": "topicType",
            "type": "string",
            "comment": "专题类型"
        },
        "6": {
            "required": true,
            "name": "seqNo",
            "type": "string",
            "comment": "排序"
        }
    }
}