{
    "namespace": "NCFGroup\\Protos\\FundGate",
    "comment": "基金签订协议",
    "author": "shiyan",
    "use": {
        "0": "NCFGroup\\Common\\Extensions\\Base\\AbstractRequestBase"
    },
    "extend": "AbstractRequestBase",
    "properties": {
        "0": {
            "required": true,
            "name": "userId",
            "type": "string",
            "comment": "用户Id"
        },
        "1": {
            "required": true,
            "name": "agreementIds",
            "type": "array",
            "comment": "需要签订的协议Id数组"
        }
    }
}