{
    "namespace": "NCFGroup\\Protos\\FundGate",
    "comment": "获取全部视频列表",
    "author": "LiBing <libing10@ucfgroup.com>",
    "use": {
        "0": "NCFGroup\\Common\\Extensions\\Base\\Pageable",
        "1": "NCFGroup\\Common\\Extensions\\Base\\AbstractRequestBase",
        "2": "Assert\\Assertion"
    },
    "extend": "AbstractRequestBase",
    "properties": {
        "0": {
            "required": true,
            "name": "pageable",
            "type": "\\NCFGroup\\Common\\Extensions\\Base\\Pageable",
            "comment": "分类页"
        },
        "1": {
            "required": false,
            "name": "channelName",
            "type": "string",
            "comment": "频道名称",
            "default": "''"
        },
        "2": {
            "required": false,
            "name": "videoId",
            "type": "int",
            "comment": "视频Id",
            "default": -1
        },
        "3": {
            "required": false,
            "name": "videoName",
            "type": "string",
            "comment": "视频名",
            "default": "''"
        }
    }
}