{
    "namespace": "NCFGroup\\Protos\\FundGate",
    "comment": "更新作者信息",
    "author": "LiBing <libing10@ucfgroup.com>",
    "use": {
        "0": "NCFGroup\\Common\\Extensions\\Base\\AbstractRequestBase",
        "1": "Assert\\Assertion"
    },
    "extend": "AbstractRequestBase",
    "properties": {
        "0": {
            "required": true,
            "name": "authorId",
            "type": "int",
            "comment": "作者ID"
        },
        "1": {
            "required": true,
            "name": "authorName",
            "type": "string",
            "comment": "作者名"
        },
        "2": {
            "required": true,
            "name": "headImage",
            "type": "string",
            "comment": "头像图片链接"
        }
    }
}