{
    "namespace": "NCFGroup\\Protos\\FundGate",
    "comment": "创建基金赎回订单(只在本地生效)",
    "author": "chengQ<qicheng@ucfgroup.com>",
    "use": {
        "0": "NCFGroup\\Common\\Extensions\\Base\\AbstractRequestBase",
        "1": "Assert\\Assertion"
    },
    "extend": "AbstractRequestBase",
    "properties": {
        "0": {
            "required": true,
            "name": "userId",
            "type": "int",
            "comment": "用户ID"
        },
        "1": {
            "required": true,
            "name": "fundCode",
            "type": "string",
            "comment": "基金编码"
        },
        "2": {
            "required": true,
            "name": "share",
            "type": "float",
            "comment": "赎回份额"
        },
        "3": {
            "required": false,
            "name": "siteId",
            "type": "int",
            "comment": "分站Id(默认为主站，值为1)",
            "default": 1
        }
    }
}