{
    "namespace": "NCFGroup\\Protos\\FundGate",
    "comment": "选择申购或赎回",
    "author": "shiyan",
    "use": {
        "0": "NCFGroup\\Common\\Extensions\\Base\\AbstractRequestBase"
    },
    "extend": "AbstractRequestBase",
    "properties": {
        "0": {
            "required": true,
            "name": "userId",
            "type": "string",
            "comment": "用户Id"
        },
        "1": {
            "required": true,
            "name": "pageable",
            "type": "\\NCFGroup\\Common\\Extensions\\Base\\Pageable",
            "comment": "分页"
        },
        "2": {
            "required": true,
            "name": "isFilter",
            "type": "bool",
            "comment": "是否过滤（0表示不过滤，1表示过滤）"
        }
    }
}