{
    "namespace": "NCFGroup\\Protos\\FundGate",
    "comment": "获取基金列表",
    "author": "shiyan",
    "use": {
        "0": "NCFGroup\\Common\\Extensions\\Base\\AbstractRequestBase",
        "1": "NCFGroup\\Common\\Extensions\\Base\\Pageable"
    },
    "extend": "AbstractRequestBase",
    "properties": {
        "0": {
            "required": true,
            "name": "pageable",
            "type": "\\NCFGroup\\Common\\Extensions\\Base\\Pageable",
            "comment": "分页"
        },
        "1": {
            "required": false,
            "name": "isDelete",
            "type": "int",
            "comment": "是否已删除",
            "default": -1
        },
        "2": {
            "required": false,
            "name": "type",
            "type": "int",
            "comment": "基金类型",
            "default": -1
        },
        "3": {
            "required": false,
            "name": "fundCode",
            "type": "string",
            "comment": "基金编码",
            "default": "‘’"
        },
        "4": {
            "required": false,
            "name": "fundName",
            "type": "string",
            "comment": "基金名称",
            "default": "‘’"
        },
        "5": {
            "required": false,
            "name": "vendorId",
            "type": "int",
            "comment": "供应商",
            "default": -1
        }
    }
}