{
    "author": "wangjiansong",
    "comment": "基金开户请求对象",
    "namespace": "NCFGroup\\Protos\\FundGate",
    "use":["NCFGroup\\Common\\Extensions\\Base\\AbstractRequestBase"],
    "extend":"AbstractRequestBase",
    "properties": [
        {
            "name": "userId",
            "comment": "用户ID",
            "type": "int",
            "required": true
        },
        {
            "name": "custName",
            "comment": "用户名字",
            "type": "string",
            "required": true
        },
        {
            "name": "payContractId",
            "comment": "支付端签约号",
            "type": "string",
            "required": true
        },
        {
            "name": "certType",
            "comment": "证件类型",
            "type": "string",
            "required": true
        },
        {
            "name": "certId",
            "comment": "证件号码",
            "type": "string",
            "required": true
        },
        {
            "name": "bankName",
            "comment": "银行名称",
            "type": "string",
            "required": true
        },
        {
            "name": "bankNo",
            "comment": "银行简称",
            "type": "string",
            "required": true
        },
        {
            "name": "custBankNo",
            "comment": "银行卡号",
            "type": "string",
            "required": true
        },
        {
            "name": "teleNo",
            "comment": "电话号码",
            "type": "string",
            "required": true
        }
    ]
}

