{
    "namespace": "NCFGroup\\Protos\\FundGate",
    "comment": "获取用户交易详情",
    "author": "sunqing",
    "use": {
        "0": "NCFGroup\\Common\\Extensions\\Base\\AbstractRequestBase"
    },
    "extend": "AbstractRequestBase",
    "properties": {
        "0": {
            "required": true,
            "name": "orderId",
            "type": "string",
            "comment": "订单号"
        },
        "1": {
            "required": true,
            "name": "userId",
            "type": "string",
            "comment": "用户id"
        }
    }
}