{
    "namespace": "NCFGroup\\Protos\\FundGate",
    "comment": "请求发起赎回",
    "author": "chengQ <qicheng@ucfgroup.com>",
    "use": {
        "0": "NCFGroup\\Common\\Extensions\\Base\\AbstractRequestBase"
    },
    "extend": "AbstractRequestBase",
    "properties": {
        "0": {
            "required": true,
            "name": "orderNo",
            "type": "string",
            "comment": "订单号"
        },
        "1": {
            "required": true,
            "name": "userId",
            "type": "int",
            "comment": "用户ID"
        },
        "2": {
            "required": false,
            "name": "appVersion",
            "type": "string",
            "comment": "app版本号",
            "default": ""
        }
    }
}