{
    "namespace": "NCFGroup\\Protos\\FundGate",
    "comment": "获取公募基金公告列表",
    "author": "fupingzhou",
    "use": {
        "0": "NCFGroup\\Common\\Extensions\\Base\\AbstractRequestBase"
    },
    "extend": "AbstractRequestBase",
    "properties": {
        "0": {
            "required": true,
            "name": "fundCode",
            "type": "string",
            "comment": "基金代码"
        },
        "1": {
            "required": false,
            "name": "pageNo",
            "type": "int",
            "comment": "页码",
            "default": 1
        },
        "2": {
            "required": false,
            "name": "pageSize",
            "type": "int",
            "comment": "每页记录数",
            "default": 15
        }
    }
}