{
    "namespace": "NCFGroup\\Protos\\FundGate",
    "comment": "获取可用基金列表",
    "author": "Gu Weigang <guweigang@ucfgroup.com>",
    "use": {
        "0": "NCFGroup\\Common\\Extensions\\Base\\AbstractRequestBase",
        "1": "NCFGroup\\Common\\Extensions\\Base\\Pageable",
        "2": "Assert\\Assertion"
    },
    "extend": "AbstractRequestBase",
    "properties": {
        "0": {
            "required": true,
            "name": "pageable",
            "type": "\\NCFGroup\\Common\\Extensions\\Base\\Pageable",
            "comment": "分页类"
        },
        "1": {
            "required": false,
            "name": "condition",
            "type": "string",
            "comment": "查询条件",
            "default": ""
        },
        "2": {
            "required": false,
            "name": "yieldIndex",
            "type": "string",
            "comment": "收益指标",
            "default": ""
        },
        "3": {
            "required": true,
            "name": "version",
            "type": "int",
            "comment": "版本标识"
        }
    }
}