{
    "namespace": "NCFGroup\\Protos\\FundGate",
    "comment": "视频点赞人数",
    "author": "LiBing <libing10@ucfgroup.com>",
    "use": {
        "0": "NCFGroup\\Common\\Extensions\\Base\\ResponseBase",
        "1": "Assert\\Assertion"
    },
    "extend": "ResponseBase",
    "properties": {
        "0": {
            "required": true,
            "name": "videoId",
            "type": "int",
            "comment": "视频ID"
        },
        "1": {
            "required": true,
            "name": "likeAmount",
            "type": "string",
            "comment": "点赞人数"
        }
    }
}