{
    "namespace": "NCFGroup\\Protos\\FundGate",
    "comment": "获取公募基金交易费率",
    "author": "fupingzhou",
    "use": {
        "0": "NCFGroup\\Common\\Extensions\\Base\\ResponseBase"
    },
    "extend": "ResponseBase",
    "properties": {
        "0": {
            "required": true,
            "name": "purchaseRates",
            "type": "array",
            "comment": "日常申购费率"
        },
        "1": {
            "required": true,
            "name": "redeemRates",
            "type": "array",
            "comment": "日常赎回费率"
        }
    }
}