{
    "namespace": "NCFGroup\\Protos\\FundGate",
    "comment": "获取公募基金公告列表",
    "author": "fupingzhou",
    "use": {
        "0": "NCFGroup\\Common\\Extensions\\Base\\ResponseBase"
    },
    "extend": "ResponseBase",
    "properties": {
        "0": {
            "required": true,
            "name": "list",
            "type": "array",
            "comment": "数据列表"
        },
        "1": {
            "required": true,
            "name": "pages",
            "type": "int",
            "comment": "页数"
        }
    }
}