{
    "namespace": "NCFGroup\\Protos\\FundGate",
    "comment": "发起基金赎回订单",
    "author": "chengQ<qicheng@ucfgroup.com>",
    "use": {
        "0": "NCFGroup\\Common\\Extensions\\Base\\ResponseBase"
    },
    "extend": "ResponseBase",
    "properties": {
        "0": {
            "required": true,
            "name": "fundCode",
            "type": "string",
            "comment": "基金代码"
        },
        "1": {
            "required": true,
            "name": "fundName",
            "type": "string",
            "comment": "基金名称"
        },
        "2": {
            "required": true,
            "name": "share",
            "type": "float",
            "comment": "赎回份额"
        },
        "3": {
            "required": false,
            "name": "arriveTimeDes",
            "type": "array",
            "comment": "到账时间说明",
            "default": null
        },
        "4": {
            "required": false,
            "name": "progressState",
            "type": "int",
            "comment": "业务处理状态",
            "default": 1
        }
    }
}