{
    "author": "wangjiansong",
    "comment": "获取用户信息接口",
    "namespace": "NCFGroup\\Protos\\FundGate",
    "use":["NCFGroup\\Common\\Extensions\\Base\\ResponseBase", "Assert\\Assertion"],
    "extend": "ResponseBase",
    "consts": {
        "FLAG_SUCCESS": 0,
        "FLAG_EXISTS": 1,
        "FLAG_FAILD": 2
    },
    "properties": [
        {
            "name": "flag",
            "comment": "注册结果",
            "type": "int",
            "required": true
        },
        {
            "name": "message",
            "comment": "错误原因",
            "type": "string",
            "required": true
        }
    ]
}


