{
    "namespace": "NCFGroup\\Protos\\FundGate",
    "comment": "查询其它基金（不包含当前基金，及货基、私募基金）",
    "author": "fupingzhou",
    "use": {
        "0": "NCFGroup\\Common\\Extensions\\Base\\ResponseBase"
    },
    "extend": "ResponseBase",
    "properties": {
        "0": {
            "required": true,
            "name": "dataPage",
            "type": "\\NCFGroup\\Common\\Extensions\\Base\\Page",
            "comment": "其它基金（带翻页）"
        }
    }
}