{
    "author": "qicheng",
    "comment": "获取fund信息",
    "namespace": "NCFGroup\\Protos\\FundGate",
    "use":["NCFGroup\\Common\\Extensions\\Base\\ResponseBase"],
    "extend":"ResponseBase",
    "properties": [
        {
            "name": "fund",
            "comment": "基金信息",
            "type": "array",
            "required": true
        },
        {
            "name": "shouldToOverAction",
            "comment": "是否跳转到结束页面",
            "type": "bool",
            "required": false,
            "default": false
        }
    ]
}