{
    "namespace": "NCFGroup\\Protos\\FundGate",
    "comment": "获取公募基金最新的持仓数据",
    "author": "fupingzhou",
    "use": {
        "0": "NCFGroup\\Common\\Extensions\\Base\\ResponseBase"
    },
    "extend": "ResponseBase",
    "properties": {
        "0": {
            "required": true,
            "name": "stockList",
            "type": "array",
            "comment": "股票持仓明细列表"
        },
        "1": {
            "required": true,
            "name": "bondList",
            "type": "array",
            "comment": "债券持仓明细列表"
        },
        "2": {
            "required": true,
            "name": "assetAllocationList",
            "type": "array",
            "comment": "各类资产分布明细列表"
        }
    }
}