{
    "namespace": "NCFGroup\\Protos\\FundGate",
    "comment": "获取邀请码信息",
    "author": "shiyan",
    "use": {
        "0": "NCFGroup\\Common\\Extensions\\Base\\ResponseBase"
    },
    "extend": "ResponseBase",
    "properties": {
        "0": {
            "required": true,
            "name": "switch",
            "type": "int",
            "comment": "邀请码开关"
        },
        "1": {
            "required": true,
            "name": "invitationCode",
            "type": "string",
            "comment": "邀请码"
        }
    }
}