{
    "author": "jingxu",
    "comment": "最近xx天七日年化与万份收益",
    "namespace": "NCFGroup\\Protos\\FundGate",
    "use":["NCFGroup\\Common\\Extensions\\Base\\ResponseBase"],
    "extend":"ResponseBase",
    "properties": [
        {
            "name": "juyuanFundDailyProfitAndLatestWeeklyYieldList",
            "comment": "最近xx天每天的七日年化与万份收益",
            "type": "Array<ProtoDailyProfitAndLatestWeeklyYield>",
            "required": true
        }
    ]
}
