{
    "namespace": "NCFGroup\\Protos\\FundGate",
    "comment": "响应盈信用户基金数据",
    "author": "yangdongjie <yangdongjie@ucfgroup.com>",
    "use": {
        "0": "NCFGroup\\Common\\Extensions\\Base\\ResponseBase",
        "1": "Assert\\Assertion"
    },
    "extend": "ResponseBase",
    "properties": {
        "0": {
            "required": true,
            "name": "holdingShares",
            "type": "string",
            "comment": "持有份额"
        },
        "1": {
            "required": true,
            "name": "totalProfit",
            "type": "string",
            "comment": "当前持仓总收益(元)"
        },
        "2": {
            "required": true,
            "name": "lastDayProfit",
            "type": "string",
            "comment": "日收益"
        },
        "3": {
            "required": true,
            "name": "profitDate",
            "type": "string",
            "comment": "日收益日期"
        },
        "4": {
            "required": true,
            "name": "totalAssets",
            "type": "string",
            "comment": "总资产"
        },
        "5": {
            "required": true,
            "name": "hasYxAccount",
            "type": "int",
            "comment": "是否开通盈信账户"
        },
        "6": {
            "required": true,
            "name": "hasYitRecords",
            "type": "int",
            "comment": "是否有宜投基金交易记录"
        },
        "7": {
            "required": true,
            "name": "riskTolerance",
            "type": "int",
            "comment": "用户评测等级"
        },
        "8": {
            "required": true,
            "name": "riskToleranceLevelName",
            "type": "string",
            "comment": "用户评测等级"
        },
        "9": {
            "required": true,
            "name": "myAssetUrl",
            "type": "string",
            "comment": "我的资产url"
        },
        "10": {
            "required": true,
            "name": "tradeRecordUrl",
            "type": "string",
            "comment": "交易记录url"
        },
        "11": {
            "required": true,
            "name": "riskUrl",
            "type": "string",
            "comment": "风险测评url"
        }
    }
}