{
    "author": "Gu Weigang <guweigang@ucfgroup.com>",
    "comment": "可用基金列表",
    "namespace": "NCFGroup\\Protos\\FundGate",
    "use":["NCFGroup\\Common\\Extensions\\Base\\ResponseBase", "Assert\\Assertion", "NCFGroup\\Protos\\FundGate\\ProtoFund"],
    "extend": "ResponseBase",
    "properties":[
        {
            "name": "dataPage",
            "comment": "基金列表数据（带翻页）",
            "type": "\\NCFGroup\\Common\\Extensions\\Base\\Page<ProtoFund>",
            "required": true
        }
    ]
}
