{
    "namespace": "NCFGroup\\Protos\\FundGate",
    "comment": "创建申购订单",
    "author": "Gu Weigang <guweigang@ucfgroup.com>",
    "use": {
        "0": "NCFGroup\\Common\\Extensions\\Base\\ResponseBase",
        "1": "Assert\\Assertion"
    },
    "extend": "ResponseBase",
    "properties": {
        "0": {
            "required": true,
            "name": "merchantId",
            "type": "string",
            "comment": "网信理财在先锋支付的商户ID"
        },
        "1": {
            "required": true,
            "name": "fundMerchantId",
            "type": "string",
            "comment": "网信理财在联合基金的商户ID"
        },
        "2": {
            "required": true,
            "name": "userId",
            "type": "int",
            "comment": "用户ID"
        },
        "3": {
            "required": true,
            "name": "sign",
            "type": "string",
            "comment": "app端与先锋支付服务端交互时用到的签名，应用场景：（1）用于开先锋支付基金子账户；（2）用于旧版申购业务中的支付密码验密场景"
        },
        "4": {
            "required": true,
            "name": "fundName",
            "type": "string",
            "comment": "基金名称"
        },
        "5": {
            "required": true,
            "name": "amount",
            "type": "int",
            "comment": "购买金额（单位：分）"
        },
        "6": {
            "required": true,
            "name": "orderId",
            "type": "string",
            "comment": "订单号"
        },
        "7": {
            "required": true,
            "name": "flag",
            "type": "int",
            "comment": "是否开过户"
        },
        "8": {
            "required": false,
            "name": "certType",
            "type": "string",
            "comment": "认证类型",
            "default": ""
        },
        "9": {
            "required": false,
            "name": "cardNo",
            "type": "string",
            "comment": "认证类型",
            "default": ""
        },
        "10": {
            "required": false,
            "name": "realName",
            "type": "string",
            "comment": "实名",
            "default": ""
        },
        "11": {
            "required": false,
            "name": "mobileNo",
            "type": "string",
            "comment": "手机号码",
            "default": ""
        },
        "12": {
            "required": false,
            "name": "signPwd",
            "type": "string",
            "comment": "app端与先锋支付服务端交互时用到的签名，应用场景：用于新版申购业务中的支付密码验密场景",
            "default": ""
        },
        "13": {
            "required": false,
            "name": "notifyUrl",
            "type": "string",
            "comment": "先锋支付验密结果通知接口",
            "default": ""
        }
    }
}