{
    "namespace": "NCFGroup\\Protos\\FundGate",
    "comment": "创建撤单订单",
    "author": "fupingzhou",
    "use": {
        "0": "NCFGroup\\Common\\Extensions\\Base\\ResponseBase"
    },
    "extend": "ResponseBase",
    "properties": {
        "0": {
            "required": true,
            "name": "merchantId",
            "type": "string",
            "comment": "网信理财在先锋支付的商户ID"
        },
        "1": {
            "required": true,
            "name": "userId",
            "type": "int",
            "comment": "用户id"
        },
        "2": {
            "required": true,
            "name": "orderId",
            "type": "string",
            "comment": "订单号"
        },
        "3": {
            "required": true,
            "name": "signPwd",
            "type": "string",
            "comment": "app端与先锋支付服务端交互时用到的签名，应用场景：用于新版撤单业务中的支付密码验密场景"
        },
        "4": {
            "required": true,
            "name": "notifyUrl",
            "type": "string",
            "comment": "先锋支付验密结果通知接口"
        }
    }
}